"title@sourceA","year@sourceA","popularity@sourceA","comedy@sourceA","fantasy@sourceA","romance@sourceA","horror@sourceA","action@sourceA","non-fiction@sourceA","type@sourceA","title@sourceB","year@sourceB","homepage@sourceB","popularity@sourceB","romance@sourceB","horror@sourceB","action@sourceB","comedy@sourceB","fantasy@sourceB","non-fiction@sourceB","type@sourceB","Confidence"
"The Ugly Truth","2009","6.5","1","0","1","0","0","0","M","The Ugly Truth","2009","http://www.thetruthisntpretty.com/","6.4","1","0","0","1","0","0","M","100"
"The Adjustment Bureau","2011","7.1","0","1","1","0","1","0","M","The Adjustment Bureau","2011","http://www.theadjustmentbureau.com/","6.5","1","0","1","0","1","0","M","100"
"This Is the End","2013","6.6","1","1","0","0","0","0","M","This Is the End","2013","http://www.thisistheend.com/","6.3","0","0","1","1","0","0","M","100"
"The Curious Case of Benjamin Button","2008","7.8","0","1","1","0","0","0","M","The Curious Case of Benjamin Button","2008","http://www.benjaminbutton.com/","7.3","1","1","1","0","1","0","M","100"
"Florence Foster Jenkins","2016","6.9","1","1","0","0","0","1","M","Florence Foster Jenkins","2016","http://www.florencefosterjenkinsmovie.com/","6.6","0","0","0","1","1","0","M","100"
"Prince of Persia: The Sands of Time","2010","6.6","0","1","0","0","1","0","M","Prince of Persia: The Sands of Time","2010","http://disney.go.com/disneypictures/princeofpersia","6.2","1","0","1","0","1","0","M","100"
"The Proposal","2009","6.7","1","1","1","0","0","0","M","The Proposal","2009","http://www.myspace.com/proposalmovie","6.7","1","0","0","1","1","0","M","100"
"The Hunger Games: Mockingjay - Part 1","2014","6.7","0","1","0","0","1","0","M","The Hunger Games: Mockingjay - Part 1","2014","http://www.thehungergames.movie/","6.6","0","0","1","0","1","0","M","100"
"Avatar","2009","7.8","0","1","0","0","1","0","M","Avatar","2009","http://www.avatarmovie.com/","7.2","0","0","1","0","1","0","M","100"
"Divergent","2014","6.7","0","1","0","1","1","0","M","Divergent","2014","http://www.thedivergentseries.movie/#divergent","6.9","0","0","1","0","1","0","M","100"
"Triangle","2009","6.9","0","1","0","1","1","0","M","Triangle","2009","","6.9","0","1","0","0","0","0","M","100"
"Predators","2010","6.4","0","1","0","0","1","0","M","Predators","2010","","6","0","0","1","0","1","0","M","100"
"The Da Vinci Code","2006","6.6","0","0","0","1","1","0","M","The Da Vinci Code","2006","http://www.sonypictures.com/homevideo/thedavincicode/index.html","6.5","0","1","1","0","0","0","M","100"
"Pirates of the Caribbean: At World's End","2007","7.1","0","1","0","0","1","0","M","Pirates of the Caribbean: At World's End","2007","http://disney.go.com/disneypictures/pirates/","6.9","0","0","1","0","1","0","M","100"
"The Mist","2007","7.2","0","0","0","1","0","0","M","The Mist","2007","http://www.themist-movie.com/","6.7","0","1","1","0","1","0","M","100"
"The Departed","2006","8.5","0","1","0","1","1","0","M","The Departed","2006","http://thedeparted.warnerbros.com/","7.9","0","1","1","0","1","0","M","100"
"Take Me Home Tonight","2011","6.3","1","1","1","0","0","0","M","Take Me Home Tonight","2011","http://www.iamrogue.com/takemehometonight/fullsite/","6.2","1","0","0","1","1","0","M","100"
"Mr. Church","2016","7.7","1","1","0","0","0","0","M","Mr. Church","2016","","7","0","0","0","0","1","0","M","100"
"Pacific Rim","2013","7","0","1","0","0","1","0","M","Pacific Rim","2013","http://www.pacificrimmovie.com/","6.7","0","0","1","0","1","0","M","100"
"Beowulf","2007","6.2","1","0","0","0","1","0","M","Beowulf","2007","http://www.beowulfmovie.com/","5.5","0","0","1","1","0","0","M","100"
"Boyhood","2014","7.9","0","1","0","0","0","0","M","Boyhood","2014","","7.5","0","0","0","0","1","0","M","100"
"Hachi: A Dog's Tale","2009","8.1","0","1","0","0","0","0","M","Hachi: A Dog's Tale","2009","","7.7","0","0","0","0","1","0","M","100"
"Annie","2014","5.3","1","1","0","0","0","0","M","Annie","2014","","6","0","0","0","1","1","0","M","100"
"Cloud Atlas","2012","7.5","0","1","0","0","0","0","M","Cloud Atlas","2012","http://cloudatlas.warnerbros.com/","6.6","0","0","0","0","1","0","M","100"
"Fool's Gold","2008","5.7","1","0","0","0","1","0","M","Fool's Gold","2008","http://www.warnerbros.com/fools-gold","5.4","1","0","1","1","0","0","M","100"
"Prisoners","2013","8.1","0","1","0","1","0","0","M","Prisoners","2013","http://prisonersmovie.warnerbros.com/","7.9","0","1","1","0","1","0","M","100"
"Marie Antoinette","2006","6.4","0","1","0","0","0","1","M","Marie Antoinette","2006","http://www.sonypictures.com/homevideo/marieantoinette/index.html","6.5","0","0","0","0","1","1","M","100"
"Kung Fu Panda 3","2016","7.2","1","0","0","0","1","0","M","Kung Fu Panda 3","2016","http://www.kungfupanda.com/","6.7","0","0","1","1","0","0","M","100"
"The Counselor","2013","5.3","0","1","0","1","1","0","M","The Counselor","2013","","5","0","1","1","0","1","0","M","100"
"Transformers: Dark of the Moon","2011","6.3","0","1","0","0","1","0","M","Transformers: Dark of the Moon","2011","http://www.transformersmovie.com/","6.1","0","0","1","0","1","0","M","100"
"Focus","2015","6.6","1","1","0","1","0","0","M","Focus","2015","http://focusmovie.com/","6.7","1","1","0","1","1","0","M","100"
"Ex Machina","2014","7.7","0","1","0","1","0","0","M","Ex Machina","2015","http://exmachina-movie.com/","7.6","0","0","0","0","1","0","M","100"
"Dragonball Evolution","2009","2.7","0","1","0","0","1","0","M","Dragonball Evolution","2009","","2.9","0","0","1","0","1","0","M","100"
"Wild","2014","7.1","0","1","0","0","1","1","M","Wild","2014","http://howwilditwas.com/","7","0","0","0","0","1","0","M","100"
"The Visit","2015","6.2","1","0","0","1","1","0","M","The Visit","2015","http://www.stayinyourroom.com/","6","0","1","1","0","0","0","M","100"
"The Descendants","2011","7.3","1","1","0","0","0","0","M","The Descendants","2011","http://www.foxsearchlight.com/thedescendants/","6.7","0","0","0","1","1","0","M","100"
"Argo","2012","7.7","0","1","0","0","0","1","M","Argo","2012","http://argothemovie.warnerbros.com/","7.1","0","0","1","0","1","0","M","100"
"The Walk","2015","7.3","0","0","0","1","1","1","M","The Walk","2015","http://www.sonypictures.com/movies/thewalk/","6.9","0","0","1","0","1","0","M","100"
"The Hunger Games: Mockingjay - Part 2","2015","6.6","0","1","0","0","1","0","M","The Hunger Games: Mockingjay - Part 2","2015","http://www.thehungergames.movie/","6.6","0","0","1","0","1","0","M","100"
"Spectre","2015","6.8","0","0","0","0","1","0","M","Spectre","2015","http://www.sonypictures.com/movies/spectre/","6.3","0","1","1","0","0","0","M","100"
"Movie 43","2013","4.3","1","0","1","0","0","0","M","Movie 43","2013","","4.4","0","0","0","1","0","0","M","100"
"The Dark Knight Rises","2012","8.5","0","0","0","0","1","0","M","The Dark Knight Rises","2012","http://www.thedarkknightrises.com/","7.6","0","1","1","0","1","0","M","100"
"Indiana Jones and the Kingdom of the Crystal Skull","2008","6.2","0","1","0","0","1","0","M","Indiana Jones and the Kingdom of the Crystal Skull","2008","http://www.indianajones.com/site/index.html","5.7","0","0","1","0","0","0","M","100"
"Mission: Impossible - Ghost Protocol","2011","7.4","0","0","0","0","1","0","M","Mission: Impossible - Ghost Protocol","2011","http://www.missionimpossible.com/","6.8","0","0","1","0","0","0","M","100"
"Tropic Thunder","2008","7","1","0","0","0","1","0","M","Tropic Thunder","2008","http://www.tropicthunder.com/","6.5","0","0","1","1","0","0","M","100"
"300: Rise of an Empire","2014","6.2","0","1","0","0","1","0","M","300: Rise of an Empire","2014","http://www.300themovie.com/","6.1","0","0","1","0","0","1","M","100"
"Ted","2012","7","1","1","0","0","0","0","M","Ted","2012","http://www.tedisreal.com/","6.3","0","0","0","1","1","0","M","100"
"Lucy","2014","6.4","0","1","0","0","1","0","M","Lucy","2014","http://lucymovie.com/","6.3","0","0","1","0","1","0","M","100"
"This Means War","2012","6.3","1","0","1","0","1","0","M","This Means War","2012","http://www.thismeanswarmovie.com/","5.9","1","0","1","1","0","0","M","100"
"Fifty Shades of Grey","2015","4.1","0","1","1","0","1","0","M","Fifty Shades of Grey","2015","https://www.facebook.com/fiftyshadesofgreymovie","5.2","1","0","1","0","1","0","M","100"
"Melancholia","2011","7.1","0","1","0","0","0","0","M","Melancholia","2011","","7","0","0","0","0","1","0","M","100"
"The Big Short","2015","7.8","1","1","0","0","0","1","M","The Big Short","2015","http://www.thebigshortmovie.com/","7.3","0","0","0","1","1","0","M","100"
"John Carter","2012","6.6","0","1","0","0","1","0","M","John Carter","2012","http://movies.disney.com/john-carter","6.1","0","0","1","0","1","0","M","100"
"The Secret Life of Pets","2016","6.6","1","0","0","0","1","0","M","The Secret Life of Pets","2016","http://www.thesecretlifeofpets.com/","5.9","0","0","0","1","0","0","M","100"
"Fast Five","2011","7.3","0","0","0","1","1","0","M","Fast Five","2011","http://www.watchvideoseries.com/movies/fast-five-2011-2/","7.1","0","1","1","0","0","0","M","100"
"The Judge","2014","7.4","0","1","0","1","0","0","M","The Judge","2014","http://thejudgemovie.com/","7.2","0","0","0","0","1","0","M","100"
"Steve Jobs","2015","7.2","0","1","0","0","0","1","M","Steve Jobs","2015","http://www.stevejobsthefilm.com","6.8","0","0","0","0","1","1","M","100"
"District 9","2009","8","0","1","0","0","1","0","M","District 9","2009","http://www.d-9.com/","7.3","0","0","0","0","1","0","M","100"
"Hercules","2014","6","0","0","0","0","1","0","M","Hercules","2014","","5.6","0","0","1","0","0","0","M","100"
"The Girl with the Dragon Tattoo","2011","7.8","0","1","0","1","0","0","M","The Girl with the Dragon Tattoo","2011","http://dragontattoo.com/","7.2","0","1","1","0","1","0","M","100"
"A Good Year","2006","6.9","1","1","1","0","0","0","M","A Good Year","2006","","6.5","1","0","0","1","1","0","M","100"
"Talladega Nights: The Ballad of Ricky Bobby","2006","6.6","1","0","0","0","1","1","M","Talladega Nights: The Ballad of Ricky Bobby","2006","http://www.sonypictures.com/homevideo/talladeganights/","6.2","0","0","0","1","0","0","M","100"
"The World's End","2013","7","1","1","0","0","1","0","M","The World's End","2013","","6.7","0","0","1","1","1","0","M","100"
"The Fast and the Furious: Tokyo Drift","2006","6","0","0","0","1","1","0","M","The Fast and the Furious: Tokyo Drift","2006","http://www.thefastandthefurious3.com/","6.1","0","1","1","0","1","0","M","100"
"Spider-Man 3","2007","6.2","0","0","0","0","1","0","M","Spider-Man 3","2007","http://www.sonypictures.com/movies/spider-man3/","5.9","0","0","1","0","1","0","M","100"
"Couples Retreat","2009","5.5","1","0","0","0","0","0","M","Couples Retreat","2009","http://www.couplesretreatmovie.com/","5.3","1","0","0","1","0","0","M","100"
"The Cabin in the Woods","2012","7","0","0","0","1","0","0","M","The Cabin in the Woods","2012","http://www.discoverthecabininthewoods.com/","6.5","0","1","1","0","0","0","M","100"
"10 Cloverfield Lane","2016","7.2","0","1","0","1","0","0","M","10 Cloverfield Lane","2016","http://www.10cloverfieldlane.com/","6.8","0","0","1","0","1","0","M","100"
"Brave","2012","7.2","1","0","0","0","1","0","M","Brave","2012","http://disney.go.com/brave/#/home","6.7","0","0","1","1","1","0","M","100"
"There Will Be Blood","2007","8.1","0","1","0","0","0","1","M","There Will Be Blood","2007","","7.9","0","0","0","0","1","0","M","100"
"No Escape","2015","6.8","0","0","0","0","1","0","M","No Escape","2015","","6.7","0","0","1","0","0","0","M","100"
"Indignation","2016","6.9","0","1","1","0","0","0","M","Indignation","2016","","6.8","0","0","0","0","1","0","M","100"
"Alice Through the Looking Glass","2016","6.2","0","1","0","0","1","0","M","Alice Through the Looking Glass","2016","http://movies.disney.com/alice-through-the-looking-glass","6.5","0","0","0","0","1","0","M","100"
"Sherlock Holmes: A Game of Shadows","2011","7.5","0","0","0","1","1","0","M","Sherlock Holmes: A Game of Shadows","2011","http://sherlockholmes2.warnerbros.com/index.html","7","0","1","1","0","0","0","M","100"
"12 Years a Slave","2013","8.1","0","1","0","0","0","1","M","12 Years a Slave","2013","","7.9","0","0","0","0","1","1","M","100"
"Red Dawn","2012","5.4","0","0","0","0","1","0","M","Red Dawn","1984","","6.4","0","0","1","0","0","0","M","100"
"Source Code","2011","7.5","0","1","1","1","0","0","M","Source Code","2011","http://www.enterthesourcecode.com/","7.1","0","1","1","0","1","0","M","100"
"Star Trek Beyond","2016","7.1","0","1","0","0","1","0","M","Star Trek Beyond","2016","http://www.startrekmovie.com/","6.6","0","0","1","0","1","0","M","100"
"Blackhat","2015","5.4","0","1","0","1","0","0","M","Blackhat","2015","http://www.legendary.com/film/blackhat/","5.1","0","1","0","0","1","0","M","100"
"Tangled","2010","7.8","1","0","0","0","1","0","M","Tangled","2010","http://disney.go.com/disneypictures/tangled/","7.4","0","0","0","1","0","0","M","100"
"The Hangover","2009","7.8","1","0","0","0","0","0","M","The Hangover","2009","http://hangoverpart2.warnerbros.com/dvd/","7.2","0","0","0","1","0","0","M","100"
"Let's Be Cops","2014","6.5","1","0","0","0","0","0","M","Let's Be Cops","2014","","6.4","0","0","0","1","0","0","M","100"
"Fury","2014","7.6","0","1","0","0","1","1","M","Fury","2014","","7.4","0","0","1","0","1","1","M","100"
"The Girl Next Door","2007","6.7","0","1","0","1","0","0","M","The Girl Next Door","2004","","6.3","0","0","0","1","0","0","M","100"
"Sherlock Holmes","2009","7.6","0","0","0","1","1","0","M","Sherlock Holmes","2009","http://sherlock-holmes-movie.warnerbros.com/","7","0","1","1","0","0","0","M","100"
"Despicable Me 2","2013","7.4","1","0","0","0","1","0","M","Despicable Me 2","2013","http://www.despicableme.com/","7","0","0","0","1","0","0","M","100"
"Clash of the Titans","2010","5.8","0","1","0","0","1","0","M","Clash of the Titans","2010","http://www.clash-of-the-titans.com/","5.6","0","0","1","0","1","0","M","100"
"Allegiant","2016","5.7","0","0","0","1","1","0","M","Allegiant","2016","http://www.thedivergentseries.movie/#allegiant","5.9","0","0","1","0","1","0","M","100"
"Resident Evil: Retribution","2012","5.4","0","1","0","1","1","0","M","Resident Evil: Retribution","2012","http://www.residentevil-movie.com/site/","5.6","0","1","1","0","1","0","M","100"
"Real Steel","2011","7.1","0","1","0","0","1","0","M","Real Steel","2011","http://www.steelgetsreal.com/","6.6","0","0","1","0","1","0","M","100"
"Lights Out","2016","6.4","0","0","0","1","0","0","M","Lights Out","2016","http://www.lightsoutmovie.com/","6.3","0","1","1","0","0","0","M","100"
"Warcraft","2016","7","0","1","0","0","1","0","M","Warcraft","2016","http://www.warcraft-themovie.com/","6.3","0","0","1","0","1","0","M","100"
"Total Recall","2012","6.3","0","0","0","1","1","0","M","Total Recall","1990","","7.1","0","0","1","0","1","0","M","100"
"Dope","2015","7.3","1","1","0","1","0","0","M","Dope","2015","http://www.youaredope.com/","7.2","0","1","0","1","1","0","M","100"
"Avengers: Age of Ultron","2015","7.4","0","1","0","0","1","0","M","Avengers: Age of Ultron","2015","http://marvel.com/movies/movie/193/avengers_age_of_ultron","7.3","0","0","1","0","1","0","M","100"
"The Expendables 3","2014","6.1","0","0","0","0","1","0","M","The Expendables 3","2014","http://theexpendables3film.com/","6.1","0","0","1","0","0","0","M","100"
"Ben-Hur","2016","5.7","0","1","0","0","1","0","M","Ben-Hur","2016","http://www.benhurmovie.com/","5.3","0","0","0","0","1","0","M","100"
"Exodus: Gods and Kings","2014","6","0","1","0","0","1","0","M","Exodus: Gods and Kings","2014","http://www.exodusgodsandkings.com/","5.6","0","0","1","0","1","0","M","100"
"Anna Karenina","2012","6.6","0","1","1","0","0","0","M","Anna Karenina","2012","","6.5","1","0","0","0","1","0","M","100"
"Fantastic Mr. Fox","2009","7.8","1","0","0","0","1","0","M","Fantastic Mr. Fox","2009","http://www.foxsearchlight.com/fantasticmrfox/","7.5","0","0","1","1","0","0","M","100"
"Lucky Number Slevin","2006","7.8","0","1","0","1","0","0","M","Lucky Number Slevin","2006","","7.4","0","1","1","0","1","0","M","100"
"Maze Runner: The Scorch Trials","2015","6.3","0","1","0","0","1","0","M","Maze Runner: The Scorch Trials","2015","http://mazerunnermovies.com","6.4","0","0","1","0","0","0","M","100"
"Super 8","2011","7.1","0","1","0","1","1","0","M","Super 8","2011","http://www.super8-movie.com/","6.6","0","1","1","0","1","0","M","100"
"Drive","2011","7.8","0","1","0","1","0","0","M","Drive","2011","http://www.sonypictures.com/movies/drive/","7.4","0","1","1","0","1","0","M","100"
"Self/less","2015","6.5","0","1","0","1","1","0","M","Self/less","2015","http://selflessmovie.tumblr.com/","6.3","0","1","1","0","1","0","M","100"
"Death Race","2008","6.4","0","1","0","0","1","0","M","Death Race","2008","http://www.deathracemovie.net/","6","0","0","1","0","1","0","M","100"
"Harry Potter and the Half-Blood Prince","2009","7.5","0","1","0","0","1","0","M","Harry Potter and the Half-Blood Prince","2009","http://harrypotter.warnerbros.com/harrypotterandthehalf-bloodprince/dvd/index.html","7.4","0","0","1","0","1","0","M","100"
"Terminator Genisys","2015","6.5","0","1","0","0","1","0","M","Terminator Genisys","2015","http://www.terminatormovie.com/","5.8","0","0","1","0","1","0","M","100"
"Point Break","2015","5.3","0","0","0","1","1","1","M","Point Break","2015","https://www.facebook.com/PointBreakMovie","5.5","0","1","1","0","0","0","M","100"
"Let Me In","2010","7.2","0","1","0","1","0","0","M","Let Me In","2010","http://www.letmein-movie.com","6.7","0","1","0","0","1","0","M","100"
"Star Trek","2009","8","0","1","0","0","1","0","M","Star Trek","2009","","7.4","0","0","1","0","1","0","M","100"
"Chappie","2015","6.9","0","1","0","1","1","0","M","Chappie","2015","http://www.chappie-movie.com","6.6","0","1","1","0","1","0","M","100"
"The Imaginarium of Doctor Parnassus","2009","6.8","0","1","0","1","1","0","M","The Imaginarium of Doctor Parnassus","2009","http://doctorparnassus.com/","6.3","0","1","1","0","1","0","M","100"
"Lone Survivor","2013","7.5","0","1","0","0","1","1","M","Lone Survivor","2013","http://www.lonesurvivorfilm.com/","7.4","0","0","1","0","1","1","M","100"
"She's Out of My League","2010","6.4","1","0","1","0","0","0","M","She's Out of My League","2010","http://www.getyourrating.com/","5.9","1","0","0","1","0","0","M","100"
"Escape Plan","2013","6.7","0","0","0","1","1","0","M","Escape Plan","2013","http://escapeplanmovie.com/","6.7","0","0","1","0","0","0","M","100"
"The Bourne Legacy","2012","6.7","0","0","0","1","1","0","M","The Bourne Legacy","2012","http://www.thebournelegacy.com/","6","0","0","1","0","0","0","M","100"
"Batman v Superman: Dawn of Justice","2016","6.7","0","1","0","0","1","0","M","Batman v Superman: Dawn of Justice","2016","http://www.batmanvsupermandawnofjustice.com/","5.7","0","0","1","0","1","0","M","100"
"Legend","2015","7","0","1","0","1","0","1","M","Legend","2015","https://www.uphe.com/movies/legend-2015","6.7","0","1","1","0","0","0","M","100"
"2012","2009","5.8","0","1","0","0","1","0","M","2012","2009","http://www.sonypictures.com/movies/2012","5.6","0","0","1","0","1","0","M","100"
"Me Before You","2016","7.4","0","1","1","0","0","0","M","Me Before You","2016","http://www.mebeforeyoumovie.net","7.6","1","0","0","0","1","0","M","100"
"Slither","2006","6.5","1","1","0","1","0","0","M","Slither","2006","","6.3","0","1","0","1","1","0","M","100"
"Out of the Furnace","2013","6.8","0","1","0","1","1","0","M","Out of the Furnace","2013","","6.5","0","1","1","0","1","0","M","100"
"Magic Mike XXL","2015","5.7","1","1","0","0","0","1","M","Magic Mike XXL","2015","","6.3","0","0","0","1","1","1","M","100"
"How to Train Your Dragon 2","2014","7.9","1","0","0","0","1","0","M","How to Train Your Dragon 2","2014","http://www.howtotrainyourdragon.com/","7.6","0","0","1","1","1","0","M","100"
"Ender's Game","2013","6.7","0","1","0","0","1","0","M","Ender's Game","2013","http://www.if-sentinel.com/","6.6","0","0","1","0","1","0","M","100"
"Rocky Balboa","2006","7.2","0","1","0","0","0","1","M","Rocky Balboa","2006","http://www.rocky.com/","6.5","0","0","0","0","1","0","M","100"
"Hanna","2011","6.8","0","1","0","0","1","0","M","Hanna","2011","http://hannathemovie.com/","6.5","0","0","1","0","0","0","M","100"
"Children of Men","2006","7.9","0","1","0","0","1","0","M","Children of Men","2006","http://www.universalstudiosentertainment.com/children-of-men/","7.4","0","0","1","0","1","0","M","100"
"All Good Things","2010","6.3","0","1","0","1","0","0","M","All Good Things","2010","","5.9","1","1","1","0","1","0","M","100"
"Room","2015","8.2","0","1","0","0","0","0","M","Room","2015","http://www.roomthemovie.com","8.1","0","0","1","0","1","0","M","100"
"In the Heart of the Sea","2015","6.9","0","0","0","0","1","1","M","In the Heart of the Sea","2015","http://www.intheheartoftheseamovie.com/","6.5","0","0","1","0","1","1","M","100"
"The Conjuring 2","2016","7.4","0","0","0","1","1","0","M","The Conjuring 2","2016","http://www.warnerbros.com/conjuring-2","7","0","1","0","0","0","0","M","100"
"Superman Returns","2006","6.1","0","1","0","0","1","0","M","Superman Returns","2006","http://www.superman.com","5.4","0","0","1","0","1","0","M","100"
"You Don't Mess with the Zohan","2008","5.5","1","0","0","0","1","0","M","You Don't Mess with the Zohan","2008","http://www.youdontmesswiththezohan.com/","5.5","0","0","1","1","0","0","M","100"
"Quantum of Solace","2008","6.6","0","0","0","0","1","0","M","Quantum of Solace","2008","http://www.mgm.com/view/movie/234/Quantum-of-Solace/","6.1","0","1","1","0","0","0","M","100"
"Jupiter Ascending","2015","5.3","0","1","0","0","1","0","M","Jupiter Ascending","2015","http://www.jupiterascending.com","5.2","0","0","1","0","1","0","M","100"
"Moonrise Kingdom","2012","7.8","1","1","0","0","1","0","M","Moonrise Kingdom","2012","http://www.moonrisekingdom.com","7.6","1","0","0","1","1","0","M","100"
"The House Bunny","2008","5.5","1","0","1","0","0","0","M","The House Bunny","2008","http://www.thehousebunny.com/","5.6","1","0","0","1","0","0","M","100"
"22 Jump Street","2014","7.1","1","0","0","1","1","0","M","22 Jump Street","2014","http://www.22jumpstreetmovie.com","7","0","1","1","1","0","0","M","100"
"Gods of Egypt","2016","5.5","0","1","0","0","1","0","M","Gods of Egypt","2016","","5.3","0","0","0","0","1","0","M","100"
"The Social Network","2010","7.7","0","1","0","0","0","1","M","The Social Network","2010","http://www.thesocialnetwork-movie.com/","7.1","0","0","0","0","1","0","M","100"
"Transformers","2007","7.1","0","1","0","0","1","0","M","Transformers","2007","http://www.transformersmovie.com/","6.6","0","0","1","0","1","0","M","100"
"Hostel: Part II","2007","5.5","0","0","0","1","0","0","M","Hostel: Part II","2007","","5.6","0","1","0","0","0","0","M","100"
"Scott Pilgrim vs. the World","2010","7.5","1","1","0","0","1","0","M","Scott Pilgrim vs. the World","2010","http://www.scottpilgrimthemovie.com/","7.2","0","0","1","1","0","0","M","100"
"Victor Frankenstein","2015","6","0","1","0","1","0","0","M","Victor Frankenstein","2015","http://www.foxmovies.com/movies/victor-frankenstein","5.6","0","0","1","0","1","0","M","100"
"Live Free or Die Hard","2007","7.2","0","0","0","0","1","0","M","Live Free or Die Hard","2007","","6.4","0","0","1","0","0","0","M","100"
"RED","2010","7.1","1","0","0","1","1","0","M","RED","2010","","6.6","0","1","1","1","0","0","M","100"
"28 Weeks Later","2007","7","0","1","0","1","0","0","M","28 Weeks Later","2007","","6.5","0","1","1","0","1","0","M","100"
"Pirates of the Caribbean: Dead Man's Chest","2006","7.3","0","1","0","0","1","0","M","Pirates of the Caribbean: Dead Man's Chest","2006","http://disney.go.com/disneypictures/pirates/","7","0","0","1","0","1","0","M","100"
"Easy A","2010","7.1","1","1","1","0","0","0","M","Easy A","2010","http://letsnotandsaywedid.com/","6.7","0","0","0","1","0","0","M","100"
"Bad Moms","2016","6.2","1","0","0","0","0","0","M","Bad Moms","2016","http://stxmovies.com/badmoms/","6.3","0","0","0","1","0","0","M","100"
"He's Just Not That Into You","2009","6.4","1","1","1","0","0","0","M","He's Just Not That Into You","2009","http://www.hesjustnotthatintoyoumovie.com/","6.2","1","0","0","1","1","0","M","100"
"The Twilight Saga: Eclipse","2010","4.9","0","1","0","0","1","0","M","The Twilight Saga: Eclipse","2010","http://eclipsethemovie.com","5.8","1","0","1","0","1","0","M","100"
"Pixels","2015","5.6","1","0","0","0","1","0","M","Pixels","2015","http://www.pixels-movie.com/","5.6","0","0","1","1","1","0","M","100"
"Wanted","2008","6.7","0","1","0","1","1","0","M","Wanted","2008","http://www.wantedmovie.com/","6.4","0","1","1","0","0","0","M","100"
"About Time","2013","7.8","1","1","0","0","0","0","M","About Time","2013","","7.8","0","0","0","1","1","0","M","100"
"Dirty Grandpa","2016","6","1","0","0","0","0","0","M","Dirty Grandpa","2016","http://www.dirtygrandpa.movie/","5.7","0","0","0","1","0","0","M","100"
"Pete's Dragon","2016","6.8","0","1","0","0","1","0","M","Pete's Dragon","2016","http://movies.disney.com/petes-dragon-2016","6.2","0","0","1","0","1","0","M","100"
"The Blind Side","2009","7.7","0","1","0","0","0","1","M","The Blind Side","2009","http://www.theblindsidemovie.com/","7.2","0","0","0","0","1","0","M","100"
"Triple 9","2016","6.3","0","1","0","1","1","0","M","Triple 9","2016","http://triple9movie.com/","5.6","0","0","1","0","0","0","M","100"
"Neighbors","2014","6.4","1","0","0","0","0","0","M","Neighbors","2014","","6.2","0","0","0","1","0","0","M","100"
"The Legend of Tarzan","2016","6.3","0","1","0","0","1","0","M","The Legend of Tarzan","2016","http://legendoftarzan.com","5.5","0","0","1","0","0","0","M","100"
"Kickboxer: Vengeance","2016","4.9","0","0","0","0","1","0","M","Kickboxer: Vengeance","2016","http://www.kickboxervengeance.com","4.5","0","0","1","0","1","0","M","100"
"Watchmen","2009","7.6","0","1","0","1","1","0","M","Watchmen","2009","https://www.warnerbros.com/watchmen","7","0","1","1","0","1","0","M","100"
"Harry Potter and the Order of the Phoenix","2007","7.5","0","1","0","0","1","0","M","Harry Potter and the Order of the Phoenix","2007","http://www.harrypotterorderofthephoenix.com/","7.4","0","1","1","0","1","0","M","100"
"Gran Torino","2008","8.2","0","1","0","0","0","0","M","Gran Torino","2008","http://www.thegrantorino.com/","7.8","0","0","0","0","1","0","M","100"
"Carrie","2013","5.9","0","1","0","1","0","0","M","Carrie","2013","http://www.carrie-movie.com","5.8","0","1","0","0","1","0","M","100"
"Incendies","2010","8.2","0","1","0","1","0","1","M","Incendies","2010","http://www.sonyclassics.com/incendies/","7.9","0","1","0","0","1","1","M","100"
"The Lone Ranger","2013","6.5","0","0","0","0","1","0","M","The Lone Ranger","2013","http://disney.go.com/the-lone-ranger/","5.9","0","0","1","0","0","0","M","100"
"Child 44","2015","6.5","0","1","0","1","1","0","M","Child 44","2015","","6.1","0","1","1","0","0","0","M","100"
"Whiplash","2014","8.5","0","1","0","0","0","1","M","Whiplash","2014","http://sonyclassics.com/whiplash/","8.3","0","0","0","0","1","0","M","100"
"Despicable Me","2010","7.7","1","0","0","0","1","0","M","Despicable Me","2010","http://www.despicable.me/","7.1","0","0","0","1","0","0","M","100"
"The Giver","2014","6.5","0","1","1","0","0","0","M","The Giver","2014","http://thegiverfilm.com/","6.4","0","0","0","0","1","0","M","100"
"Horrible Bosses","2011","6.9","1","0","0","1","0","0","M","Horrible Bosses","2011","http://horriblebossesmovie.warnerbros.com/index.html","6.5","0","1","0","1","0","0","M","100"
"Hotel Transylvania 2","2015","6.7","1","0","0","0","0","0","M","Hotel Transylvania 2","2015","","6.7","0","0","0","1","0","0","M","100"
"Man of Steel","2013","7.1","0","1","0","0","1","0","M","Man of Steel","2013","http://www.manofsteel.com/","6.5","0","0","1","0","1","0","M","100"
"X-Men: Apocalypse","2016","7.1","0","1","0","0","1","0","M","X-Men: Apocalypse","2016","http://www.foxmovies.com/movies/x-men-apocalypse","6.4","0","0","0","0","1","0","M","100"
"Central Intelligence","2016","6.3","1","0","0","1","1","0","M","Central Intelligence","2016","http://www.centralintelligencemovie.com/","6.2","0","0","1","1","0","0","M","100"
"1408","2007","6.8","0","1","0","1","0","0","M","1408","2007","http://www.1408-themovie.com/","6.5","0","1","1","0","0","0","M","100"
"The Dark Knight","2008","9","0","1","0","1","1","0","M","The Dark Knight","2008","http://thedarkknight.warnerbros.com/dvdsite/","8.2","0","1","1","0","1","0","M","100"
"To Rome with Love","2012","6.3","1","0","1","0","0","0","M","To Rome with Love","2012","","5.6","1","0","0","1","0","0","M","100"
"The Maze Runner","2014","6.8","0","1","0","1","1","0","M","The Maze Runner","2014","http://themazerunnermovie.com/","7","0","1","1","0","1","0","M","100"
"Selma","2014","7.5","0","1","0","0","0","1","M","Selma","2014","","7.4","0","0","0","0","1","1","M","100"
"Footloose","2011","5.9","1","1","0","0","0","1","M","Footloose","1984","","6.4","1","0","0","0","1","1","M","100"
"Seven Pounds","2008","7.7","0","1","1","0","0","0","M","Seven Pounds","2008","http://www.sonypictures.com/movies/sevenpounds/","7.5","0","0","0","0","1","0","M","100"
"True Grit","2010","7.6","0","1","0","0","1","0","M","True Grit","2010","http://www.truegritmovie.com/","7.2","0","0","1","0","1","0","M","100"
"Pan's Labyrinth","2006","8.2","0","1","0","0","0","1","M","Pan's Labyrinth","2006","http://www.panslabyrinth.com","7.6","0","0","0","0","1","1","M","100"
"Burnt","2015","6.6","1","1","0","0","0","0","M","Burnt","2015","http://burntmovie.com/","6.3","0","0","0","0","1","0","M","100"
"Dredd","2012","7.1","0","1","0","0","1","0","M","Dredd","2012","http://dreddthemovie.com/","6.6","0","0","1","0","1","0","M","100"
"Hancock","2008","6.4","0","1","0","1","1","0","M","Hancock","2008","http://www.sonypictures.com/movies/hancock/","6.2","0","0","1","0","1","0","M","100"
"Up in the Air","2009","7.4","0","1","1","0","0","0","M","Up in the Air","2009","http://www.theupintheairmovie.com/","6.7","1","0","0","0","1","0","M","100"
"Taken","2008","7.8","0","0","0","0","1","0","M","Taken","2008","","7.2","0","0","1","0","0","0","M","100"
"G.I. Joe: Retaliation","2013","5.8","0","1","0","0","1","0","M","G.I. Joe: Retaliation","2013","http://www.gijoemovie.com","5.4","0","0","1","0","1","0","M","100"
"Ted 2","2015","6.3","1","0","1","0","1","0","M","Ted 2","2015","","6.2","0","0","0","1","0","0","M","100"
"Get Hard","2015","6","1","0","0","1","0","0","M","Get Hard","2015","","5.9","0","0","0","1","0","0","M","100"
"Cars","2006","7.1","1","0","0","0","1","0","M","Cars","2006","http://disney.go.com/disneyvideos/animatedfilms/cars/","6.6","0","0","1","1","0","0","M","100"
"Life of Pi","2012","7.9","0","1","0","0","1","0","M","Life of Pi","2012","http://www.lifeofpimovie.com/","7.2","0","0","1","0","1","0","M","100"
"I Am Legend","2007","7.2","0","1","0","1","0","0","M","I Am Legend","2007","http://iamlegend.warnerbros.com/","6.9","0","1","1","0","1","0","M","100"
"Up","2009","8.3","1","0","0","0","1","0","M","Up","2009","http://disney.go.com/disneypictures/up/","7.7","0","0","1","1","0","0","M","100"
"In Bruges","2008","7.9","1","1","0","1","0","0","M","In Bruges","2008","http://www.filminfocus.com/film/in_bruges","7.4","0","1","0","1","1","0","M","100"
"The Best of Me","2014","6.7","0","1","1","0","0","0","M","The Best of Me","2014","","7.2","1","0","0","0","1","0","M","100"
"The Devil Wears Prada","2006","6.8","1","1","0","0","0","0","M","The Devil Wears Prada","2006","http://www.devilwearspradamovie.com/","7","1","0","0","1","1","0","M","100"
"The Fighter","2010","7.8","0","1","0","0","1","1","M","The Fighter","2010","http://www.thefightermovie.com","7.2","0","0","0","0","1","0","M","100"
"Daddy's Home","2015","6.1","1","0","0","0","0","0","M","Daddy's Home","2015","http://daddyshomemovie.tumblr.com/","5.8","0","0","0","1","0","0","M","100"
"The Avengers","2012","8.1","0","1","0","0","1","0","M","The Avengers","2012","http://marvel.com/avengers_movie/","7.4","0","0","1","0","1","0","M","100"
"Precious","2009","7.3","0","1","0","0","0","0","M","Precious","2009","http://www.weareallprecious.com/","6.9","0","0","0","0","1","0","M","100"
"Hairspray","2007","6.7","1","1","0","0","0","0","M","Hairspray","2007","http://www.hairspraymovie.com/","6.5","1","0","0","1","0","1","M","100"
"Slumdog Millionaire","2008","8","0","1","0","0","0","0","M","Slumdog Millionaire","2008","http://www.foxsearchlight.com/slumdogmillionaire","7.6","1","0","0","0","1","0","M","100"
"Rescue Dawn","2006","7.3","0","1","0","0","1","1","M","Rescue Dawn","2006","","6.9","0","0","1","0","1","1","M","100"
"Nerve","2016","6.6","0","0","0","1","1","0","M","Nerve","2016","http://www.playnerve.com/","7.1","0","1","1","0","0","0","M","100"
"The King's Speech","2010","8","0","1","0","0","0","1","M","The King's Speech","2010","http://www.kingsspeech.com/","7.6","0","0","0","0","1","1","M","100"
"Warm Bodies","2013","6.9","1","0","1","1","0","0","M","Warm Bodies","2013","","6.4","1","1","0","1","0","0","M","100"
"The DUFF","2015","6.5","1","0","0","0","0","0","M","The DUFF","2015","http://www.duffmovie.com/","6.8","1","0","0","1","0","0","M","100"
"Annabelle","2014","5.4","0","0","0","1","1","0","M","Annabelle","2014","http://annabellemovie.com/","5.6","0","1","0","0","0","0","M","100"
"Pirates of the Caribbean: On Stranger Tides","2011","6.7","0","1","0","0","1","0","M","Pirates of the Caribbean: On Stranger Tides","2011","http://disney.go.com/pirates/index-on-stranger-tides.html#/video/","6.4","0","0","1","0","1","0","M","100"
"Safe Haven","2013","6.7","0","1","1","0","1","0","M","Safe Haven","2013","","6.9","1","0","0","0","0","0","M","100"
"Insidious","2010","6.8","0","0","0","1","1","0","M","Insidious","2010","http://www.insidious-movie.com/","6.8","0","1","1","0","0","0","M","100"
"Paul","2011","7","1","1","0","0","1","0","M","Paul","2011","http://paulthemovie.co.uk/","6.5","0","0","1","1","1","0","M","100"
"Ghost Rider","2007","5.2","0","1","0","0","1","0","M","Ghost Rider","2007","http://www.sonypictures.com/movies/ghostrider/","5.2","0","1","1","0","1","0","M","100"
"Jack Reacher","2012","7","0","0","0","1","1","0","M","Jack Reacher","2012","http://www.jackreachermovie.com/","6.3","0","1","1","0","1","0","M","100"
"Regression","2015","5.7","0","1","0","1","0","0","M","Regression","2015","","5.3","0","1","1","0","0","0","M","100"
"The Hills Have Eyes","2006","6.4","0","0","0","1","0","0","M","The Hills Have Eyes","2006","http://www.foxsearchlight.com/thehillshaveeyes/","6.1","0","1","1","0","0","0","M","100"
"Into the Woods","2014","6","1","1","0","0","1","0","M","Into the Woods","2014","http://movies.disney.com/into-the-woods/","5.6","0","0","0","1","1","1","M","100"
"Inside Man","2006","7.6","0","1","0","1","0","0","M","Inside Man","2006","http://theinsideman.net","7.3","0","1","1","0","1","0","M","100"
"The Fountain","2006","7.3","0","1","0","0","0","0","M","The Fountain","2006","http://thefountainmovie.warnerbros.com/","6.8","1","0","1","0","1","0","M","100"
"Percy Jackson: Sea of Monsters","2013","5.9","0","1","0","0","1","0","M","Percy Jackson: Sea of Monsters","2013","http://www.percyjacksonthemovie.com/us/#!/home","5.9","0","0","1","0","1","0","M","100"
"Captain Phillips","2013","7.8","0","1","0","0","1","1","M","Captain Phillips","2013","http://www.captainphillipsmovie.com","7.6","0","0","1","0","1","0","M","100"
"Iron Man","2008","7.9","0","1","0","0","1","0","M","Iron Man","2008","http://www.ironmanmovie.com/","7.4","0","0","1","0","1","0","M","100"
"Jason Bourne","2016","6.7","0","0","0","0","1","0","M","Jason Bourne","2016","http://www.jasonbournemovie.com","5.9","0","0","1","0","0","0","M","100"
"Men in Black 3","2012","6.8","1","0","0","0","1","0","M","Men in Black 3","2012","http://www.sonypictures.com/movies/meninblack3/","6.2","0","0","1","1","1","0","M","100"
"Looper","2012","7.4","0","1","0","1","1","0","M","Looper","2012","http://loopermovie.com/","6.6","0","0","1","0","1","0","M","100"
"Ratatouille","2007","8","1","0","0","0","0","0","M","Ratatouille","2007","http://disney.go.com/disneypictures/ratatouille/","7.5","0","0","0","1","1","0","M","100"
"Riddick","2013","6.4","0","1","0","0","1","0","M","Riddick","2013","http://www.riddick-movie.com","6.2","0","0","1","0","1","0","M","100"
"Jumper","2008","6.1","0","1","0","0","1","0","M","Jumper","2008","http://www.fox.co.uk/jumper","5.9","0","0","1","0","1","0","M","100"
"The Hobbit: The Battle of the Five Armies","2014","7.4","0","1","0","0","1","0","M","The Hobbit: The Battle of the Five Armies","2014","http://www.thehobbit.com/","7.1","0","0","1","0","1","0","M","100"
"I Origins","2014","7.3","0","1","1","0","0","0","M","I Origins","2014","","7.5","0","0","0","0","1","0","M","100"
"Scream 4","2011","6.2","0","0","0","1","0","0","M","Scream 4","2011","http://www.scream-4.com/","6.1","0","1","0","0","0","0","M","100"
"Sin City: A Dame to Kill For","2014","6.5","0","0","0","1","1","0","M","Sin City: A Dame to Kill For","2014","http://sincity-2.com/","6.3","0","1","1","0","0","0","M","100"
"21 Jump Street","2012","7.2","1","0","0","1","1","0","M","21 Jump Street","2012","http://www.21jumpstreet-movie.com/","6.7","0","1","1","1","0","0","M","100"
"The Princess and the Frog","2009","7.1","1","0","0","0","1","0","M","The Princess and the Frog","2009","http://disney.go.com/disneypictures/princessandthefrog/","6.7","1","0","0","1","0","1","M","100"
"If I Stay","2014","6.8","0","1","0","0","0","1","M","If I Stay","2014","","7.3","0","0","0","0","1","0","M","100"
"Captain America: The First Avenger","2011","6.9","0","1","0","0","1","0","M","Captain America: The First Avenger","2011","http://captainamerica.marvel.com/","6.6","0","0","1","0","1","0","M","100"
"Now You See Me","2013","7.3","0","0","0","1","1","0","M","Now You See Me","2013","","7.3","0","1","1","0","0","0","M","100"
"It Follows","2014","6.9","0","0","0","1","0","0","M","It Follows","2015","","6.6","0","1","1","0","0","0","M","100"
"Hugo","2011","7.5","0","1","0","0","1","0","M","Hugo","2011","http://www.hugomovie.com/","7","0","0","1","0","1","0","M","100"
"The Help","2011","8.1","0","1","0","0","0","0","M","The Help","2011","http://thehelpmovie.com/#/splash","7.8","0","0","0","0","1","0","M","100"
"The Promise","2016","5.9","0","1","0","0","0","1","M","The Promise","2005","http://thepromisemovie.net","5","1","0","1","0","1","0","M","100"
"42","2013","7.5","0","1","0","0","0","1","M","42","2013","","6.8","0","0","0","0","1","0","M","100"
"Prometheus","2012","7","0","1","0","1","1","0","M","Prometheus","2012","http://www.projectprometheus.com/","6.3","0","1","1","0","1","0","M","100"
"The Amazing Spider-Man","2012","7","0","0","0","0","1","0","M","The Amazing Spider-Man","2012","http://www.theamazingspiderman.com","6.5","0","0","1","0","1","0","M","100"
"The Martian","2015","8","0","1","0","0","1","0","M","The Martian","2015","http://www.foxmovies.com/movies/the-martian","7.6","0","0","1","0","1","0","M","100"
"Money Monster","2016","6.5","0","1","0","1","1","0","M","Money Monster","2016","","6.5","0","0","1","0","0","0","M","100"
"Kick-Ass","2010","7.7","1","0","0","0","1","0","M","Kick-Ass","2010","","7.1","0","1","1","0","0","0","M","100"
"Step Up","2006","6.5","0","1","0","1","0","1","M","Step Up","2006","","6.7","1","1","0","0","1","1","M","100"
"21","2008","6.8","0","1","0","1","1","0","M","21","2008","http://www.sonypictures.com/movies/21/","6.5","0","1","0","0","1","0","M","100"
"Dallas Buyers Club","2013","8","0","1","0","0","0","1","M","Dallas Buyers Club","2013","","7.9","0","0","0","0","1","1","M","100"
"Grown Ups","2010","6","1","0","0","0","0","0","M","Grown Ups","2010","http://www.grownups-movie.com/","6","0","0","0","1","0","0","M","100"
"Hellboy II: The Golden Army","2008","7","0","1","0","0","1","0","M","Hellboy II: The Golden Army","2008","","6.5","0","0","1","0","1","0","M","100"
"Zack and Miri Make a Porno","2008","6.6","1","0","1","0","0","0","M","Zack and Miri Make a Porno","2008","http://www.zackandmiri.com","6.1","0","0","0","1","0","0","M","100"
"Taken 3","2014","6","0","0","0","0","1","0","M","Taken 3","2014","http://www.taken3movie.com/","6.1","0","0","1","0","0","0","M","100"
"Orphan","2009","7","0","0","0","1","1","0","M","Orphan","2009","","6.7","0","1","1","0","0","0","M","100"
"Yoga Hosers","2016","4.3","1","1","0","1","0","0","M","Yoga Hosers","2016","http://www.yogahosers.com/","4.7","0","1","1","1","1","0","M","100"
"Contagion","2011","6.6","0","1","0","0","1","0","M","Contagion","2011","http://contagionmovie.warnerbros.com/","6.2","0","0","1","0","1","0","M","100"
"Warrior","2011","8.2","0","1","0","0","1","1","M","Warrior","2011","http://www.warriorfilm.com/index2.html","7.7","0","0","1","0","1","0","M","100"
"The Spectacular Now","2013","7.1","1","1","1","0","0","0","M","The Spectacular Now","2013","http://spectacularnowmovie.com/","6.8","1","0","0","1","1","0","M","100"
"Now You See Me 2","2016","6.5","1","0","0","0","1","0","M","Now You See Me 2","2016","http://nowyouseeme.movie","6.7","0","1","1","1","0","0","M","100"
"She's the Man","2006","6.4","1","0","1","0","0","1","M","She's the Man","2006","","6.4","1","0","0","1","1","0","M","100"
"Inglourious Basterds","2009","8.3","0","1","0","0","1","1","M","Inglourious Basterds","2009","http://www.inglouriousbasterds-movie.com/","7.9","0","0","1","0","1","1","M","100"
"Trainwreck","2015","6.3","1","1","1","0","0","0","M","Trainwreck","2015","","5.9","0","0","0","1","0","0","M","100"
"Everest","2015","7.1","0","1","0","0","1","0","M","Everest","2015","http://www.everestmovie.com/","6.7","0","0","1","0","1","0","M","100"
"The Finest Hours","2016","6.8","0","1","0","0","1","1","M","The Finest Hours","2016","https://www.facebook.com/thefinesthoursmovie","6.3","0","0","1","0","1","1","M","100"
"The Assassination of Jesse James by the Coward Robert Ford","2007","7.5","0","1","0","1","0","1","M","The Assassination of Jesse James by the Coward Robert Ford","2007","http://jessejamesmovie.warnerbros.com/","7","0","0","1","0","1","0","M","100"
"The Mummy: Tomb of the Dragon Emperor","2008","5.2","0","1","0","0","1","0","M","The Mummy: Tomb of the Dragon Emperor","2008","http://www.themummy.com/","5.2","0","0","1","0","1","0","M","100"
"Max","2015","6.8","0","0","0","0","1","0","M","Max","2015","","6.8","0","0","1","0","1","0","M","100"
"Pandorum","2009","6.8","0","0","0","1","1","0","M","Pandorum","2009","http://www.pandorummovie.com/","6.5","0","1","1","0","1","0","M","100"
"Zodiac","2007","7.7","0","1","0","1","0","1","M","Zodiac","2007","","7.3","0","1","1","0","1","0","M","100"
"The Equalizer","2014","7.2","0","0","0","1","1","0","M","The Equalizer","2014","","7.1","0","1","1","0","0","0","M","100"
"Blended","2014","6.5","1","0","1","0","0","0","M","Blended","2014","","6.6","0","0","0","1","0","0","M","100"
"Robin Hood","2010","6.7","0","1","0","0","1","0","M","Robin Hood","2010","http://www.robinhoodthemovie.com/","6.2","0","0","1","0","0","0","M","100"
"Hot Fuzz","2007","7.9","1","0","0","1","1","0","M","Hot Fuzz","2007","http://www.universalstudiosentertainment.com/hot-fuzz/","7.4","0","1","1","1","0","0","M","100"
"Silver Linings Playbook","2012","7.8","1","1","1","0","0","0","M","Silver Linings Playbook","2012","http://silverliningsplaybookmovie.com/","6.9","1","0","0","1","1","0","M","100"
"The Longest Ride","2015","7.1","0","1","1","0","0","0","M","The Longest Ride","2015","","7.3","1","0","0","0","1","0","M","100"
"Freedom Writers","2007","7.5","0","1","0","1","0","1","M","Freedom Writers","2007","http://www.freedomwriters.com/","7.5","0","1","0","0","1","0","M","100"
"Suicide Squad","2016","6.2","0","1","0","0","1","0","M","Suicide Squad","2016","http://www.suicidesquad.com/","5.9","0","1","1","0","1","0","M","100"
"Perfume: The Story of a Murderer","2006","7.5","0","1","0","1","0","0","M","Perfume: The Story of a Murderer","2006","http://www.parfum.film.de/","7.1","0","1","0","0","1","0","M","100"
"The Hobbit: The Desolation of Smaug","2013","7.9","0","1","0","0","1","0","M","The Hobbit: The Desolation of Smaug","2013","http://www.thehobbit.com/","7.6","0","0","1","0","1","0","M","100"
"Elysium","2013","6.6","0","1","0","0","1","0","M","Elysium","2013","","6.4","0","0","1","0","1","0","M","100"
"X-Men Origins: Wolverine","2009","6.7","0","1","0","0","1","0","M","X-Men Origins: Wolverine","2009","http://www.x-menorigins.com/","6.2","0","0","1","0","1","0","M","100"
"Body of Lies","2008","7.1","0","1","1","0","1","0","M","Body of Lies","2008","http://wwws.warnerbros.co.uk/bodyoflies/","6.5","0","0","1","0","1","0","M","100"
"Endless Love","2014","6.3","0","1","1","0","0","0","M","Endless Love","2014","","6.7","1","0","0","0","1","0","M","100"
"The Imitation Game","2014","8.1","0","1","0","0","1","1","M","The Imitation Game","2014","http://theimitationgamemovie.com/","8","0","0","1","0","1","1","M","100"
"The Twilight Saga: Breaking Dawn - Part 2","2012","5.5","0","1","0","0","1","0","M","The Twilight Saga: Breaking Dawn - Part 2","2012","","6.1","1","0","1","0","1","0","M","100"
"Sex Tape","2014","5.1","1","0","1","0","0","0","M","Sex Tape","2014","","5.3","0","0","0","1","0","0","M","100"
"Forgetting Sarah Marshall","2008","7.2","1","1","1","0","0","0","M","Forgetting Sarah Marshall","2008","http://www.forgettingsarahmarshall.com/","6.4","1","0","0","1","1","0","M","100"
"Pitch Perfect","2012","7.2","1","0","1","0","0","1","M","Pitch Perfect","2012","http://www.pitchperfectmovie.com/","7.3","1","0","0","1","0","1","M","100"
"Seven Psychopaths","2012","7.2","1","0","0","1","0","0","M","Seven Psychopaths","2012","http://www.sevenpsychopaths.com/","6.7","0","1","0","1","0","0","M","100"
"Coraline","2009","7.7","1","1","0","0","0","0","M","Coraline","2009","http://coraline.com/","7.3","0","0","0","1","0","0","M","100"
"Moon","2009","7.9","0","1","0","1","0","0","M","Moon","2009","http://www.sonyclassics.com/moon/","7.6","0","0","0","0","1","0","M","100"
"Oculus","2013","6.5","0","0","0","1","0","0","M","Oculus","2013","","6.3","0","1","0","0","0","0","M","100"
"Vicky Cristina Barcelona","2008","7.1","0","1","1","0","0","0","M","Vicky Cristina Barcelona","2008","","6.7","1","0","0","0","1","0","M","100"
"Sex and the City 2","2010","4.3","1","1","1","0","0","0","M","Sex and the City 2","2010","http://www.sexandthecitymovie.com/","5.4","1","0","0","1","1","0","M","100"
"Spotlight","2015","8.1","0","1","0","1","0","1","M","Spotlight","2015","http://www.spotlightthefilm.com","7.8","0","0","1","0","1","1","M","100"
"The Intern","2015","7.1","1","1","0","0","0","0","M","The Intern","2015","http://www.theinternmovie.com/","7.1","0","0","0","1","0","0","M","100"
"The Master","2012","7.1","0","1","0","0","0","0","M","The Master","2012","","7","0","0","0","0","1","0","M","100"
"Hands of Stone","2016","6.6","0","1","0","0","1","1","M","Hands of Stone","2016","","6.1","0","0","0","0","1","0","M","100"
"The Happening","2008","5","0","1","0","0","1","0","M","The Happening","2008","http://www.thehappeningmovie.com","4.9","0","0","1","0","1","0","M","100"
"The Golden Compass","2007","6.1","0","1","0","0","1","0","M","The Golden Compass","2007","http://www.goldencompassmovie.com/index_german.html","5.8","0","0","1","0","1","0","M","100"
"Alexander and the Terrible, Horrible, No Good, Very Bad Day","2014","6.2","1","0","0","0","0","0","M","Alexander and the Terrible, Horrible, No Good, Very Bad Day","2014","http://movies.disney.com/alexander-and-the-terrible-horrible-no-good-very-bad-day/","6.1","0","0","0","1","0","0","M","100"
"The Pursuit of Happyness","2006","8","0","1","0","0","0","1","M","The Pursuit of Happyness","2006","http://www.sonypictures.com/homevideo/thepursuitofhappyness/","7.7","0","0","0","0","1","0","M","100"
"August Rush","2007","7.5","0","1","0","0","0","1","M","August Rush","2007","http://augustrushmovie.warnerbros.com/","7.1","0","0","0","0","1","0","M","100"
"Edge of Tomorrow","2014","7.9","0","1","0","0","1","0","M","Edge of Tomorrow","2014","http://www.edgeoftomorrowmovie.com/","7.6","0","0","1","0","1","0","M","100"
"Frozen","2013","7.5","1","0","0","0","1","0","M","Frozen","2013","http://movies.disney.com/frozen","7.3","0","0","1","1","0","0","M","100"
"Concussion","2015","7.1","0","1","0","0","0","1","M","Concussion","2015","http://www.sonypictures.com/movies/concussion/","7","0","0","0","0","1","0","M","100"
"The Heat","2013","6.6","1","0","0","1","1","0","M","The Heat","2013","","6.5","0","1","1","1","0","0","M","100"
"The Incredible Hulk","2008","6.8","0","1","0","0","1","0","M","The Incredible Hulk","2008","","6.1","0","0","1","0","1","0","M","100"
"The Expendables","2010","6.5","0","0","0","0","1","0","M","The Expendables","2010","http://expendablesthemovie.com/","6","0","0","1","0","0","0","M","100"
"Final Destination 5","2011","5.9","0","0","0","1","1","0","M","Final Destination 5","2011","http://finaldestinationmovie.warnerbros.com/index.html","5.9","0","1","0","0","0","0","M","100"
"Rio","2011","6.9","1","0","0","0","1","0","M","Rio","2011","http://www.riomovies.com/","6.5","0","0","1","1","0","0","M","100"
"RoboCop","2014","6.2","0","1","0","1","1","0","M","RoboCop","2014","http://www.robocop.com","5.7","0","0","1","0","1","0","M","100"
"Crazy, Stupid, Love.","2011","7.4","1","1","1","0","0","0","M","Crazy, Stupid, Love.","2011","http://crazystupidlove.warnerbros.com/index.html","7","1","0","0","1","1","0","M","100"
"Inherent Vice","2014","6.7","1","1","0","1","0","0","M","Inherent Vice","2014","http://inherentvicemovie.com/","6.5","1","1","0","1","1","0","M","100"
"The BFG","2016","6.4","0","1","0","0","1","0","M","The BFG","2016","http://movies.disney.com/the-bfg","6","0","0","1","0","1","0","M","100"
"Midnight Special","2016","6.7","0","1","0","1","0","0","M","Midnight Special","2016","http://www.midnightspecialmovie.com/","6.2","0","0","1","0","1","0","M","100"
"Sunshine","2007","7.3","0","1","0","0","1","0","M","Sunshine","2007","","7","0","0","1","0","1","0","M","100"
"Savages","2012","6.5","0","1","0","1","1","0","M","Savages","2012","http://www.savagesfilm.com/","6.2","0","1","1","0","1","0","M","100"
"Diary of a Wimpy Kid","2010","6.2","1","0","0","0","0","0","M","Diary of a Wimpy Kid","2010","http://www.fox.co.uk/diary-of-a-wimpy-kid","5.9","0","0","0","1","0","0","M","100"
"Never Back Down","2008","6.6","0","1","0","0","1","1","M","Never Back Down","2008","http://www.neverbackdownthemovie.com/","6.4","0","0","1","0","1","0","M","100"
"My Big Fat Greek Wedding 2","2016","6","1","0","1","0","0","0","M","My Big Fat Greek Wedding 2","2016","","5.5","1","0","0","1","0","0","M","100"
"The Hunger Games","2012","7.2","0","1","0","0","1","0","M","The Hunger Games","2012","http://www.thehungergames.movie/","6.9","0","0","1","0","1","0","M","100"
"Unfriended","2014","5.6","0","1","0","1","0","0","M","Unfriended","2015","","5.5","0","1","1","0","0","0","M","100"
"Cinderella","2015","7","0","1","0","0","0","0","M","Cinderella","2015","http://movies.disney.com/cinderella","6.7","1","0","0","0","1","0","M","100"
"Lady in the Water","2006","5.6","0","1","0","1","0","0","M","Lady in the Water","2006","","5.3","0","1","1","0","1","0","M","100"
"The Revenant","2015","8","0","1","0","0","1","0","M","The Revenant","2015","http://www.foxmovies.com/movies/the-revenant","7.3","0","0","1","0","1","0","M","100"
"Bride Wars","2009","5.5","1","0","1","0","0","0","M","Bride Wars","2009","http://www.bridewars.com","5.9","0","0","0","1","0","0","M","100"
"Captain America: Civil War","2016","7.9","0","1","0","0","1","0","M","Captain America: Civil War","2016","http://marvel.com/captainamericapremiere","7.1","0","0","1","0","1","0","M","100"
"Cloverfield","2008","7","0","1","0","1","1","0","M","Cloverfield","2008","http://www.cloverfieldmovie.com/","6.4","0","0","1","0","1","0","M","100"
"The 5th Wave","2016","5.2","0","1","0","0","1","0","M","The 5th Wave","2016","https://www.facebook.com/5thWaveMovie/","5.6","0","0","1","0","1","0","M","100"
"Thor: The Dark World","2013","7","0","1","0","0","1","0","M","Thor: The Dark World","2013","http://marvel.com/thor","6.8","0","0","1","0","1","0","M","100"
"The Perks of Being a Wallflower","2012","8","0","1","1","0","0","0","M","The Perks of Being a Wallflower","2012","http://perks-of-being-a-wallflower.com/","7.7","1","0","0","0","1","0","M","100"
"The Lives of Others","2006","8.5","0","1","0","0","1","0","M","The Lives of Others","2006","","7.9","0","0","1","0","1","0","M","100"
"G.I. Joe: The Rise of Cobra","2009","5.8","0","1","0","0","1","0","M","G.I. Joe: The Rise of Cobra","2009","http://www.gijoemovie.com/","5.6","0","0","1","0","1","0","M","100"
"Diary of a Wimpy Kid: Rodrick Rules","2011","6.6","1","0","0","0","0","0","M","Diary of a Wimpy Kid: Rodrick Rules","2011","http://www.diaryofawimpykidmovie.com/","6.3","0","0","0","1","0","0","M","100"
"Mama","2013","6.2","0","0","0","1","1","0","M","Mama","2013","http://www.mamamovie.com/","6","0","1","0","0","0","0","M","100"
"Under the Skin","2013","6.3","0","1","0","1","0","0","M","Under the Skin","2014","","6","0","0","1","0","1","0","M","100"
"3 Days to Kill","2014","6.2","0","1","0","0","1","0","M","3 Days to Kill","2014","","6","0","1","1","0","1","0","M","100"
"Black Mass","2015","6.9","0","1","0","1","0","1","M","Black Mass","2015","","6.3","0","1","0","0","1","0","M","100"
"Inside Out","2015","8.2","1","0","0","0","1","0","M","Inside Out","2015","http://movies.disney.com/inside-out","8","0","0","0","1","1","0","M","100"
"Jennifer's Body","2009","5.1","1","0","0","1","0","0","M","Jennifer's Body","2009","","5.3","0","1","0","1","0","0","M","100"
"Creed","2015","7.6","0","1","0","0","0","1","M","Creed","2015","http://creedthemovie.com/","7.3","0","0","0","0","1","0","M","100"
"The Mortal Instruments: City of Bones","2013","5.9","0","1","0","1","1","0","M","The Mortal Instruments: City of Bones","2013","http://www.themortalinstrumentsmovie.com/","6.2","1","1","1","0","1","0","M","100"
"Mad Max: Fury Road","2015","8.1","0","1","0","0","1","0","M","Mad Max: Fury Road","2015","http://www.madmaxmovie.com/","7.2","0","0","1","0","1","0","M","100"
"Casino Royale","2006","8","0","0","0","0","1","0","M","Casino Royale","2006","http://www.mgm.com/#/our-titles/233/Casino-Royale-(2006)","7.3","0","0","1","0","0","0","M","100"
"The Lovely Bones","2009","6.7","0","1","0","0","1","0","M","The Lovely Bones","2009","http://www.lovelybones.com","6.6","0","0","0","0","1","0","M","100"
"Battleship","2012","5.8","0","1","0","0","1","0","M","Battleship","2012","","5.5","0","0","1","0","1","0","M","100"
"Zipper","2015","5.7","0","1","0","0","1","0","M","Zipper","2015","","5.5","0","0","1","0","1","0","M","100"
"The Town","2010","7.6","0","1","0","1","1","0","M","The Town","2010","http://thetownmovie.warnerbros.com/","7","0","1","1","0","1","0","M","100"
"The Jungle Book","2016","7.5","0","1","0","0","1","0","M","The Jungle Book","2016","http://movies.disney.com/the-jungle-book-2016","6.7","0","0","1","0","1","0","M","100"
"The Gunman","2015","5.8","0","1","0","1","1","0","M","The Gunman","2015","","5.5","0","1","1","0","1","0","M","100"
"Moneyball","2011","7.6","0","1","0","0","0","1","M","Moneyball","2011","http://www.moneyball-movie.com/","7","0","0","0","0","1","0","M","100"
"Criminal","2016","6.3","0","1","0","1","1","0","M","Criminal","2016","","5.7","0","0","1","0","0","0","M","100"
"Into the Wild","2007","8.1","0","1","0","0","1","1","M","Into the Wild","2007","http://www.intothewild.com/","7.8","0","0","1","0","1","0","M","100"
"Jurassic World","2015","7","0","1","0","0","1","0","M","Jurassic World","2015","http://www.jurassicworld.com/","6.5","0","0","1","0","1","0","M","100"
"Oblivion","2013","7","0","0","0","1","1","0","M","Oblivion","2013","https://www.uphe.com/movies/oblivion","6.4","0","1","1","0","1","0","M","100"
"Project X","2012","6.7","1","0","0","0","0","0","M","Project X","2012","","6.5","0","1","0","1","0","0","M","100"
"Don Jon","2013","6.6","1","1","1","0","0","0","M","Don Jon","2013","","5.9","1","0","0","1","1","0","M","100"
"Conan the Barbarian","2011","5.2","0","1","0","0","1","0","M","Conan the Barbarian","1982","","6.6","0","0","1","0","1","0","M","100"
"Law Abiding Citizen","2009","7.4","0","1","0","1","1","0","M","Law Abiding Citizen","2009","","7.2","0","1","1","0","1","0","M","100"
"Need for Speed","2014","6.5","0","1","0","1","1","0","M","Need for Speed","2014","","6.1","0","1","1","0","1","0","M","100"
"A Million Ways to Die in the West","2014","6.1","1","0","1","0","1","0","M","A Million Ways to Die in the West","2014","","5.8","0","0","1","1","0","0","M","100"
"Super","2010","6.8","1","1","0","0","0","0","M","Super","2010","http://www.thecrimsonbolt.com/","6.6","0","0","1","1","1","0","M","100"
"Iron Man 2","2010","7","0","1","0","0","1","0","M","Iron Man 2","2010","http://www.ironmanmovie.com/","6.6","0","0","1","0","1","0","M","100"
"No Country for Old Men","2007","8.1","0","1","0","1","1","0","M","No Country for Old Men","2007","","7.7","0","1","1","0","1","0","M","100"
"Midnight in Paris","2011","7.7","1","1","1","0","0","0","M","Midnight in Paris","2011","http://www.sonyclassics.com/midnightinparis","7.4","1","0","0","1","1","0","M","100"
"What to Expect When You're Expecting","2012","5.7","1","1","1","0","0","0","M","What to Expect When You're Expecting","2012","http://whattoexpectthefilm.com/","5.8","1","0","0","1","1","0","M","100"
"Thor","2011","7","0","1","0","0","1","0","M","Thor","2011","http://thor.marvel.com/","6.6","0","0","1","0","1","0","M","100"
"Shame","2011","7.2","0","1","0","0","0","0","M","Shame","2011","http://www.foxsearchlight.com/shame/","7","0","0","0","0","1","0","M","100"
"Skyfall","2012","7.8","0","0","0","0","1","0","M","Skyfall","2012","http://www.skyfall-movie.com","6.9","0","0","1","0","0","0","M","100"
"Free State of Jones","2016","6.9","0","1","0","0","1","1","M","Free State of Jones","2016","http://stxmovies.com/freestateofjones/","6.6","0","0","1","0","1","1","M","100"
"The Purge: Election Year","2016","6","0","1","0","1","1","0","M","The Purge: Election Year","2016","http://www.purgeelectionyear.com","6.1","0","1","1","0","0","0","M","100"
"Keanu","2016","6.3","1","0","0","0","1","0","M","Keanu","2016","http://keanumovie.com/","6","0","0","1","1","0","0","M","100"
"We Need to Talk About Kevin","2011","7.5","0","1","0","1","1","0","M","We Need to Talk About Kevin","2011","http://kevin.oscilloscope.net/","7.4","0","0","1","0","1","0","M","100"
"Public Enemies","2009","7","0","1","0","1","0","1","M","Public Enemies","2009","http://www.publicenemies.net/","6.5","0","1","0","0","1","1","M","100"
"Flight","2012","7.3","0","1","0","0","1","0","M","Flight","2012","http://www.paramount.com/flight","6.5","0","0","0","0","1","0","M","100"
"Olympus Has Fallen","2013","6.5","0","0","0","0","1","0","M","Olympus Has Fallen","2013","","6.2","0","0","1","0","0","0","M","100"
"Grindhouse","2007","7.6","0","0","0","1","1","0","M","Grindhouse","2007","","6.8","0","1","1","0","0","0","M","100"
"Tinker Tailor Soldier Spy","2011","7.1","0","1","0","1","1","0","M","Tinker Tailor Soldier Spy","2011","http://www.tinker-tailor-soldier-spy.com/","6.6","0","1","1","0","1","0","M","100"
"Evil Dead","2013","6.5","0","1","0","1","0","0","M","Evil Dead","2013","http://www.evildead-movie.com/","6.4","0","1","0","0","0","0","M","100"
"The Bourne Ultimatum","2007","8.1","0","0","0","1","1","0","M","The Bourne Ultimatum","2007","http://www.universalstudiosentertainment.com/the-bourne-ultimatum/","7.3","0","1","1","0","1","0","M","100"
"Remember Me","2010","7.2","0","1","1","0","0","0","M","Remember Me","2010","http://rememberme-movie.com/","6.9","1","0","0","0","1","0","M","100"
"Across the Universe","2007","7.4","0","1","0","0","0","1","M","Across the Universe","2007","http://www.acrosstheuniverse.com/","7.1","1","0","1","0","1","1","M","100"
"Disturbia","2007","6.9","0","1","0","1","1","0","M","Disturbia","2007","http://www.disturbia.com/","6.6","0","1","1","0","1","0","M","100"
"Snow White and the Huntsman","2012","6.1","0","1","0","0","1","0","M","Snow White and the Huntsman","2012","http://www.snowwhiteandthehuntsman.com/","5.8","0","0","1","0","1","0","M","100"
"The Neon Demon","2016","6.2","0","0","0","1","1","0","M","The Neon Demon","2016","http://theneondemon.com/","6.4","0","1","1","0","0","0","M","100"
"Black Swan","2010","8","0","1","0","0","1","0","M","Black Swan","2010","http://www.foxsearchlight.com/blackswan/","7.3","0","0","1","0","1","0","M","100"
"The Road","2009","7.3","0","1","0","0","1","0","M","The Road","2009","http://www.theroad-movie.com/","6.8","0","0","1","0","1","0","M","100"
"Maleficent","2014","7","0","0","0","0","1","0","M","Maleficent","2014","http://movies.disney.com/maleficent","7","1","0","1","0","1","0","M","100"
"The Man from U.N.C.L.E.","2015","7.3","1","0","0","0","1","0","M","The Man from U.N.C.L.E.","2015","","7.1","0","0","1","1","0","0","M","100"
"Revolutionary Road","2008","7.3","0","1","1","0","0","0","M","Revolutionary Road","2008","","6.7","1","0","0","0","1","0","M","100"
"Begin Again","2013","7.4","0","1","0","0","0","1","M","Begin Again","2013","","7.3","1","0","0","1","1","1","M","100"
"Seventh Son","2014","5.5","0","1","0","0","1","0","M","Seventh Son","2014","http://www.seventhsonmovie.com/","5.2","0","0","1","0","1","0","M","100"
"A Walk Among the Tombstones","2014","6.5","0","1","0","1","0","0","M","A Walk Among the Tombstones","2014","","6.2","0","1","1","0","1","0","M","100"
"Kung Fu Panda","2008","7.6","1","0","0","0","1","0","M","Kung Fu Panda","2008","http://www.kungfupanda.com/","6.9","0","0","1","1","0","0","M","100"
"American Gangster","2007","7.8","0","1","0","1","0","1","M","American Gangster","2007","http://www.americangangster.net/","7.4","0","1","0","0","1","0","M","100"
"Piranha 3D","2010","5.5","1","0","0","1","1","0","M","Piranha 3D","2010","http://www.piranha-3d.com","5.3","0","1","0","1","0","0","M","100"
"Sausage Party","2016","6.3","1","0","0","0","1","0","M","Sausage Party","2016","http://www.sausagepartymovie.com","5.6","0","0","1","1","1","0","M","100"
"Iris","2016","6.1","0","0","0","0","1","0","M","Iris","2001","","6.2","1","0","0","0","1","0","M","100"
"Ant-Man","2015","7.3","1","0","0","0","1","0","M","Ant-Man","2015","http://marvel.com/movies/movie/180/ant-man","7","0","0","1","0","1","0","M","100"
"Alice in Wonderland","2010","6.5","0","1","0","0","1","0","M","Alice in Wonderland","2010","http://disney.go.com/wonderland/","6.4","0","0","1","0","1","0","M","100"
"The Grand Budapest Hotel","2014","8.1","1","1","0","0","1","0","M","The Grand Budapest Hotel","2014","","8","0","0","0","1","1","0","M","100"
"The Place Beyond the Pines","2012","7.3","0","1","0","1","1","0","M","The Place Beyond the Pines","2013","http://www.focusfeatures.com/the_place_beyond_the_pines","6.8","0","1","0","0","1","0","M","100"
"Dawn of the Planet of the Apes","2014","7.6","0","1","0","0","1","0","M","Dawn of the Planet of the Apes","2014","http://www.dawnofapes.com/","7.3","0","0","1","0","1","0","M","100"
"Rush","2013","8.1","0","1","0","0","1","1","M","Rush","2013","","7.7","0","0","1","0","1","0","M","100"
"The Wolverine","2013","6.7","0","1","0","0","1","0","M","The Wolverine","2013","http://www.thewolverinemovie.com","6.3","0","0","1","0","1","0","M","100"
"Wrath of the Titans","2012","5.8","0","1","0","0","1","0","M","Wrath of the Titans","2012","http://www.wrathofthetitansmovie.org","5.5","0","0","1","0","0","0","M","100"
"Pitch Perfect 2","2015","6.5","1","0","0","0","0","1","M","Pitch Perfect 2","2015","","6.8","0","0","0","1","0","1","M","100"
"Babel","2006","7.5","0","1","0","0","0","0","M","Babel","2006","","6.9","0","0","0","0","1","0","M","100"
"Pineapple Express","2008","7","1","0","0","1","1","0","M","Pineapple Express","2008","http://www.sonypictures.com/movies/pineappleexpress/","6.6","0","0","1","1","0","0","M","100"
"Lincoln","2012","7.4","0","1","0","0","0","1","M","Lincoln","2012","","6.7","0","0","0","0","1","1","M","100"
"Eastern Promises","2007","7.7","0","1","0","1","0","0","M","Eastern Promises","2007","http://www.focusfeatures.com/easternpromises/","7.2","0","1","1","0","0","0","M","100"
"Transcendence","2014","6.3","0","1","1","1","0","0","M","Transcendence","2014","","5.9","0","1","1","0","1","0","M","100"
"Dark Shadows","2012","6.2","1","1","0","1","0","0","M","Dark Shadows","2012","http://darkshadowsmovie.warnerbros.com","5.7","0","0","0","1","1","0","M","100"
"Juno","2007","7.5","1","1","0","0","0","0","M","Juno","2007","http://www.foxsearchlight.com/juno/","7","1","0","0","1","1","0","M","100"
"The Hunger Games: Catching Fire","2013","7.6","0","0","0","1","1","0","M","The Hunger Games: Catching Fire","2013","http://www.thehungergames.movie/","7.4","0","0","1","0","1","0","M","100"
"X-Men: The Last Stand","2006","6.7","0","1","0","0","1","0","M","X-Men: The Last Stand","2006","","6.3","0","0","1","0","1","0","M","100"
"Nightcrawler","2014","7.9","0","1","0","1","1","0","M","Nightcrawler","2014","http://nightcrawlerfilm.com/","7.6","0","1","1","0","1","0","M","100"
"The Hateful Eight","2015","7.8","0","1","0","1","0","0","M","The Hateful Eight","2015","http://thehatefuleight.com/","7.6","0","1","1","0","1","0","M","100"
"Mission: Impossible - Rogue Nation","2015","7.4","0","0","0","0","1","0","M","Mission: Impossible - Rogue Nation","2015","http://www.missionimpossible.com","7.1","0","0","1","0","0","0","M","100"
"Zero Dark Thirty","2012","7.4","0","1","0","0","1","1","M","Zero Dark Thirty","2012","http://www.zerodarkthirty-movie.com/site/","6.7","0","0","1","0","1","1","M","100"
"17 Again","2009","6.4","1","1","0","0","0","0","M","17 Again","2009","http://www.17againmovie.com/","6.1","0","0","0","1","0","0","M","100"
"Friends with Benefits","2011","6.6","1","0","1","0","0","0","M","Friends with Benefits","2011","http://www.fwb-movie.com/","6.5","1","0","0","1","0","0","M","100"
"Miracles from Heaven","2016","7","0","1","0","0","0","1","M","Miracles from Heaven","2016","http://www.miraclesfromheaven-movie.com/","6.7","0","0","0","0","1","0","M","100"
"Brooklyn","2015","7.5","0","1","1","0","0","0","M","Brooklyn","2015","http://www.foxsearchlight.com/brooklyn/","7.2","1","0","0","0","1","0","M","100"
"The Gambler","2014","6","0","1","0","1","1","0","M","The Gambler","2014","http://www.thegamblermovie.com/","5.7","0","1","1","0","1","0","M","100"
"Home","2015","6.7","1","0","0","0","1","0","M","Home","2015","http://www.meettheboov.com/","6.8","0","0","0","1","1","0","M","100"
"Snakes on a Plane","2006","5.6","0","0","0","1","1","0","M","Snakes on a Plane","2006","","5.1","0","1","1","0","0","0","M","100"
"Monsters University","2013","7.3","1","0","0","0","1","0","M","Monsters University","2013","","7","0","0","0","1","0","0","M","100"
"How to Be Single","2016","6.1","1","0","1","0","0","0","M","How to Be Single","2016","http://howtobesinglemovie.com/","5.9","1","0","0","1","0","0","M","100"
"The Other Guys","2010","6.7","1","0","0","1","1","0","M","The Other Guys","2010","http://www.theotherguys-movie.com/","6.1","0","1","1","1","0","0","M","100"
"Happy Feet","2006","6.5","1","0","0","0","0","0","M","Happy Feet","2006","http://www.warnerbros.com/happy-feet","5.9","0","0","0","1","0","0","M","100"
"Rise of the Planet of the Apes","2011","7.6","0","1","0","0","1","0","M","Rise of the Planet of the Apes","2011","http://www.apeswillrise.com/","7","0","0","1","0","1","0","M","100"
"Blue Valentine","2010","7.4","0","1","1","0","0","0","M","Blue Valentine","2010","http://www.bluevalentinemovie.com/","6.9","1","0","0","0","1","0","M","100"
"Funny Games","2007","6.5","0","1","0","1","0","0","M","Funny Games","2007","http://wip.warnerbros.com/funnygames/","6.3","0","1","1","0","0","0","M","100"
"Blue Jasmine","2013","7.3","0","1","0","0","0","0","M","Blue Jasmine","2013","","7","0","0","0","1","1","0","M","100"
"Idiocracy","2006","6.6","1","1","0","0","1","0","M","Idiocracy","2006","","6.3","0","0","1","1","1","0","M","100"
"Captain America: The Winter Soldier","2014","7.8","0","1","0","0","1","0","M","Captain America: The Winter Soldier","2014","http://www.captainamericathewintersoldiermovie.com","7.6","0","0","1","0","1","0","M","100"
"Neighbors 2: Sorority Rising","2016","5.7","1","0","0","0","0","0","M","Neighbors 2: Sorority Rising","2016","http://www.neighbors-movie.com/","5.6","0","0","0","1","0","0","M","100"
"No Strings Attached","2011","6.2","1","0","1","0","0","0","M","No Strings Attached","2011","http://www.nostringsattachedmovie.com/","6.1","1","0","0","1","0","0","M","100"
"The Hurt Locker","2008","7.6","0","1","0","0","1","1","M","The Hurt Locker","2008","http://www.thehurtlocker-movie.com/","7.2","0","0","1","0","1","1","M","100"
"Transformers: Revenge of the Fallen","2009","6","0","1","0","0","1","0","M","Transformers: Revenge of the Fallen","2009","http://www.transformersmovie.com/","6","0","0","1","0","1","0","M","100"
"The Break-Up","2006","5.8","1","1","1","0","0","0","M","The Break-Up","2006","https://www.uphe.com/movies/the-break-up","5.6","1","0","0","1","0","0","M","100"
"The Other Woman","2014","6","1","0","1","0","0","0","M","The Other Woman","2014","","6.2","1","0","0","1","0","0","M","100"
"Grown Ups 2","2013","5.4","1","0","0","0","0","0","M","Grown Ups 2","2013","http://www.sonypictures.com/movies/grownups2","5.8","0","0","0","1","0","0","M","100"
"Your Highness","2011","5.6","1","1","0","0","1","0","M","Your Highness","2011","http://www.yourhighnessmovie.net/","5.2","0","0","0","1","0","0","M","100"
"The Rise of the Krays","2015","5.1","0","1","0","1","0","0","M","The Rise of the Krays","2015","http://www.signature-entertainment.co.uk/film/rise-of-the-krays/","4.5","0","1","0","0","0","0","M","100"
"Snowpiercer","2013","7","0","1","0","0","1","0","M","Snowpiercer","2013","http://snowpiercer-film.com/","6.7","0","0","1","0","1","0","M","100"
"Mamma Mia!","2008","6.4","1","0","0","0","0","1","M","Mamma Mia!","2008","","6.4","1","0","0","1","0","0","M","100"
"Vacation","2015","6.1","1","0","0","0","1","0","M","Vacation","2015","","6.2","0","0","0","1","0","0","M","100"
"Saving Mr. Banks","2013","7.5","1","1","0","0","0","1","M","Saving Mr. Banks","2013","","7.3","0","0","0","1","1","1","M","100"
"Faster","2010","6.5","0","1","0","1","1","0","M","Faster","2010","http://www.fasterthemovie.com/","6.1","0","1","1","0","1","0","M","100"
"The Last Witch Hunter","2015","6","0","1","0","0","1","0","M","The Last Witch Hunter","2015","http://www.thelastwitchhunter.movie/","5.7","0","0","1","0","1","0","M","100"
"Transformers: Age of Extinction","2014","5.7","0","1","0","0","1","0","M","Transformers: Age of Extinction","2014","http://www.transformersmovie.com","5.8","0","0","1","0","1","0","M","100"
"Twilight","2008","5.2","0","1","1","0","0","0","M","Twilight","2008","http://www.twilightthemovie.com","5.8","1","0","1","0","1","0","M","100"
"Bridge of Spies","2015","7.6","0","1","0","0","1","1","M","Bridge of Spies","2015","","7.2","0","0","1","0","1","0","M","100"
"Jack Ryan: Shadow Recruit","2014","6.2","0","1","0","0","1","0","M","Jack Ryan: Shadow Recruit","2014","","5.9","0","0","1","0","1","0","M","100"
"Tusk","2014","5.4","1","1","0","1","0","0","M","Tusk","2014","","5.1","0","1","0","1","0","0","M","100"
"The Huntsman: Winter's War","2016","6.1","0","1","0","0","1","0","M","The Huntsman: Winter's War","2016","http://www.thehuntsmanmovie.com/","6","0","0","1","0","1","0","M","100"
"Django Unchained","2012","8.4","0","1","0","0","1","0","M","Django Unchained","2012","http://unchainedmovie.com/","7.8","0","0","1","0","1","0","M","100"
"Diary of a Wimpy Kid: Dog Days","2012","6.4","1","0","0","0","0","0","M","Diary of a Wimpy Kid: Dog Days","2012","","6","0","0","0","1","0","0","M","100"
"Texas Chainsaw 3D","2013","4.8","0","0","0","1","1","0","M","Texas Chainsaw 3D","2013","","5.3","0","1","1","0","0","0","M","100"
"Winter's Bone","2010","7.2","0","1","0","0","0","0","M","Winter's Bone","2010","http://www.wintersbonemovie.com/","6.8","0","0","0","0","1","0","M","100"
"Tomorrowland","2015","6.5","0","0","0","0","1","0","M","Tomorrowland","2015","http://movies.disney.com/tomorrowland","6.2","0","1","1","0","1","0","M","100"
"Immortals","2011","6","0","1","0","0","1","0","M","Immortals","2011","http://www.immortalsmovie.com/splash/","5.7","0","0","1","0","1","0","M","100"
"Trust","2010","7","0","1","0","1","1","0","M","Trust","2010","http://www.trustmovie2011.com/","6.6","0","1","1","0","1","0","M","100"
"Little Miss Sunshine","2006","7.8","1","1","0","0","0","0","M","Little Miss Sunshine","2006","http://www.foxsearchlight.com/littlemisssunshine/","7.5","0","0","0","1","1","0","M","100"
"Pride and Prejudice and Zombies","2016","5.8","0","0","1","1","1","0","M","Pride and Prejudice and Zombies","2016","https://www.facebook.com/PPZMovie","5.5","1","1","1","1","0","0","M","100"
"300","2006","7.7","0","1","0","0","1","1","M","300","2006","http://300themovie.warnerbros.com","7","0","0","1","0","0","1","M","100"
"I Spit on Your Grave","2010","6.3","0","0","0","1","1","0","M","I Spit on Your Grave","2010","","6.3","0","1","1","0","0","0","M","100"
"(500) Days of Summer","2009","7.7","1","1","1","0","0","0","M","(500) Days of Summer","2009","http://500days.com","7.2","1","0","0","1","1","0","M","100"
"The Last Airbender","2010","4.2","0","0","0","0","1","0","M","The Last Airbender","2010","http://www.thelastairbendermovie.com/","4.7","0","0","1","0","1","0","M","100"
"This Is 40","2012","6.2","1","0","1","0","0","0","M","This Is 40","2012","http://www.thisis40movie.com/","5.6","0","0","0","1","0","0","M","100"
"Joy","2015","6.6","0","1","0","0","0","0","M","Joy","2015","http://www.foxmovies.com/movies/joy","6.4","0","0","0","1","1","0","M","100"
"The Illusionist","2006","7.6","0","1","1","1","0","0","M","The Illusionist","2006","","7.1","1","0","1","0","1","0","M","100"
"Teenage Mutant Ninja Turtles","2014","5.9","1","0","0","0","1","0","M","Teenage Mutant Ninja Turtles","2014","http://www.teenagemutantninjaturtlesmovie.com","5.8","0","0","1","1","1","0","M","100"
"P.S. I Love You","2007","7.1","0","1","1","0","0","0","M","P.S. I Love You","2007","","6.9","1","0","0","0","1","0","M","100"
"Deadpool","2016","8","1","0","0","0","1","0","M","Deadpool","2016","http://www.foxmovies.com/movies/deadpool","7.4","0","0","1","1","0","0","M","100"
"The Amazing Spider-Man 2","2014","6.7","0","1","0","0","1","0","M","The Amazing Spider-Man 2","2014","http://www.theamazingspiderman.com","6.5","0","0","1","0","1","0","M","100"
"The Infiltrator","2016","7.1","0","1","0","1","0","1","M","The Infiltrator","2016","http://www.theinfiltrator.com/","6.6","0","1","1","0","1","0","M","100"
"Love & Other Drugs","2010","6.7","1","1","1","0","0","0","M","Love & Other Drugs","2010","http://www.loveandotherdrugsthemovie.com/","6.6","1","0","0","1","1","0","M","100"
"Bronson","2008","7.1","0","0","0","1","1","1","M","Bronson","2008","http://www.bronsonthemovie.com","6.9","0","1","1","0","1","0","M","100"
"Salt","2010","6.4","0","0","0","1","1","0","M","Salt","2010","http://www.sonypictures.com/homevideo/salt/","6.2","0","1","1","0","0","0","M","100"
"The Interview","2014","6.6","1","0","0","0","0","0","M","The Interview","2014","","6.1","0","0","1","1","0","0","M","100"
"Eddie the Eagle","2016","7.4","1","1","0","0","0","1","M","Eddie the Eagle","2016","http://www.foxmovies.com/movies/eddie-the-eagle","7.2","0","0","0","1","1","1","M","100"
"The Fault in Our Stars","2014","7.8","0","1","1","0","0","0","M","The Fault in Our Stars","2014","","7.6","1","0","0","0","1","0","M","100"
"Zombieland","2009","7.7","1","0","0","1","1","0","M","Zombieland","2009","http://www.zombieland.com/","7.2","0","1","0","1","0","0","M","100"
"Big Hero 6","2014","7.8","1","0","0","0","1","0","M","Big Hero 6","2014","http://movies.disney.com/big-hero-6","7.8","0","0","1","1","0","0","M","100"
"Mission: Impossible III","2006","6.9","0","0","0","0","1","0","M","Mission: Impossible III","2006","http://www.missionimpossible.com/","6.5","0","0","1","0","0","0","M","100"
"London Has Fallen","2016","5.9","0","1","0","1","1","0","M","London Has Fallen","2016","https://www.facebook.com/LondonHasFallenOfficial","5.8","0","1","1","0","0","0","M","100"
"Shutter Island","2010","8.1","0","0","0","1","1","0","M","Shutter Island","2010","http://www.shutterisland.com/","7.8","0","1","1","0","1","0","M","100"
"Wreck-It Ralph","2012","7.8","1","0","0","0","1","0","M","Wreck-It Ralph","2012","http://disney.go.com/wreck-it-ralph","7.1","0","0","1","1","0","0","M","100"
"I Am Number Four","2011","6.1","0","1","0","0","1","0","M","I Am Number Four","2011","http://www.findnumberfour.com/","5.9","0","0","1","0","1","0","M","100"
"Dracula Untold","2014","6.3","0","1","0","0","1","0","M","Dracula Untold","2014","","6.2","0","1","1","0","1","1","M","100"
"Green Room","2015","7","0","0","0","1","1","0","M","Green Room","2016","http://greenroom-movie.com/","6.7","0","1","1","0","0","0","M","100"
"Gravity","2013","7.8","0","1","0","0","1","0","M","Gravity","2013","http://gravitymovie.warnerbros.com/","7.3","0","0","1","0","1","0","M","100"
"The Three Musketeers","2011","5.8","0","0","1","0","1","0","M","The Three Musketeers","2011","http://www.threemusketeers-movie.com/","5.6","0","0","1","0","0","0","M","100"
"Noah","2014","5.8","0","1","0","0","1","0","M","Noah","2014","http://www.noahmovie.com","5.6","0","0","1","0","1","0","M","100"
"Step Brothers","2008","6.9","1","0","0","0","0","0","M","Step Brothers","2008","","6.5","0","0","0","1","0","0","M","100"
"American Sniper","2014","7.3","0","1","0","0","1","1","M","American Sniper","2014","http://www.americansnipermovie.com","7.4","0","0","1","0","0","1","M","100"
"Atonement","2007","7.8","0","1","1","1","0","0","M","Atonement","2007","","7.4","1","0","0","0","1","0","M","100"
"Magic Mike","2012","6.1","1","1","0","0","0","0","M","Magic Mike","2012","http://magicmikemovie.warnerbros.com","6.1","0","0","0","1","1","0","M","100"
"The Expendables 2","2012","6.6","0","0","0","0","1","0","M","The Expendables 2","2012","http://theexpendables2film.com/","6.1","0","0","1","0","0","0","M","100"
"White House Down","2013","6.4","0","1","0","0","1","0","M","White House Down","2013","","6.4","0","0","1","0","1","0","M","100"
"The Other Boleyn Girl","2008","6.7","0","1","0","0","0","1","M","The Other Boleyn Girl","2008","","6.4","0","0","0","0","1","0","M","100"
"We're the Millers","2013","7","1","0","0","1","0","0","M","We're the Millers","2013","http://werethemillers.warnerbros.com","6.8","0","1","0","1","0","0","M","100"
"The Boss","2016","5.4","1","0","0","0","0","0","M","The Boss","2016","http://www.thebossfilm.com/","5.5","0","0","0","1","0","0","M","100"
"Underworld: Rise of the Lycans","2009","6.6","0","1","0","0","1","0","M","Underworld: Rise of the Lycans","2009","","6.2","0","0","1","0","1","0","M","100"
"Cars 2","2011","6.2","1","0","0","0","1","0","M","Cars 2","2011","http://www.disney.go.com/cars/","5.8","0","0","1","1","0","0","M","100"
"Kick-Ass 2","2013","6.6","1","0","0","1","1","0","M","Kick-Ass 2","2013","","6.3","0","1","1","0","0","0","M","100"
"The Lucky One","2012","6.5","0","1","1","0","0","0","M","The Lucky One","2012","http://theluckyonemovie.warnerbros.com/","6.8","1","0","0","0","1","0","M","100"
"Independence Day: Resurgence","2016","5.3","0","1","0","0","1","0","M","Independence Day: Resurgence","2016","http://www.warof1996.com","4.9","0","0","1","0","1","0","M","100"
"Shooter","2007","7.2","0","1","0","1","1","0","M","Shooter","2007","http://www.shootermovie.com/","6.9","0","1","1","0","1","0","M","100"
"Woman in Gold","2015","7.3","0","1","0","0","0","1","M","Woman in Gold","2015","http://womaningoldmovie.com/","7.3","0","0","0","0","1","0","M","100"
"Pompeii","2014","5.5","0","1","0","0","1","0","M","Pompeii","2014","","5.2","1","0","1","0","1","1","M","100"
"Hail, Caesar!","2016","6.3","1","0","0","1","0","0","M","Hail, Caesar!","2016","http://www.hailcaesar-film.com/ww/","5.7","0","1","0","1","1","0","M","100"
"The Gift","2015","7.1","0","0","0","1","1","0","M","The Gift","2015","https://www.facebook.com/GIFTmovie","6.7","0","1","1","0","0","0","M","100"
"Enchanted","2007","7.1","1","0","0","0","0","0","M","Enchanted","2007","http://disney.go.com/disneypictures/enchanted/","6.6","1","0","0","1","1","0","M","100"
"Goosebumps","2015","6.3","1","0","0","0","1","0","M","Goosebumps","2015","http://www.goosebumps-movie.com/","6.2","0","1","1","1","0","0","M","100"
"Legion","2010","5.2","0","1","0","1","1","0","M","Legion","2010","http://www.legionmovie.com","5.2","0","1","0","0","0","0","M","100"
"Teenage Mutant Ninja Turtles: Out of the Shadows","2016","6","1","0","0","0","1","0","M","Teenage Mutant Ninja Turtles: Out of the Shadows","2016","http://www.teenagemutantninjaturtlesmovie.com/","5.8","0","0","1","1","1","0","M","100"
"Percy Jackson & the Olympians: The Lightning Thief","2010","5.9","0","1","0","0","1","0","M","Percy Jackson & the Olympians: The Lightning Thief","2010","","6","0","0","1","0","1","0","M","100"
"Bridge to Terabithia","2007","7.2","0","1","0","0","1","0","M","Bridge to Terabithia","2007","http://disney.go.com/disneyvideos/liveaction/bridgetoterabithia/","7","0","0","1","0","1","0","M","100"
"Stardust","2007","7.7","0","1","0","0","1","0","M","Stardust","2007","http://www.stardustmovie.com","7.1","1","0","1","0","1","0","M","100"
"Green Lantern","2011","5.6","0","1","0","0","1","0","M","Green Lantern","2011","http://greenlanternmovie.warnerbros.com/","5.1","0","0","1","0","1","0","M","100"
"The Shallows","2016","6.4","0","1","0","1","1","0","M","The Shallows","2016","http://www.theshallows-movie.com","6.2","0","1","1","0","1","0","M","100"
"Toy Story 3","2010","8.3","1","0","0","0","1","0","M","Toy Story 3","2010","http://disney.go.com/toystory/","7.6","0","0","0","1","0","0","M","100"
"The Book of Life","2014","7.3","1","0","0","0","1","0","M","The Book of Life","2014","http://www.bookoflifemovie.com/","7.3","1","0","1","1","1","0","M","100"
"Unbroken","2014","7.2","0","1","0","0","0","1","M","Unbroken","2014","http://www.unbrokenfilm.com/","7.3","0","0","0","0","1","1","M","100"
"The Ghost Writer","2010","7.2","0","0","0","1","1","0","M","The Ghost Writer","2010","","6.7","0","1","1","0","0","0","M","100"
"How to Train Your Dragon","2010","8.1","1","0","0","0","1","0","M","How to Train Your Dragon","2010","http://www.howtotrainyourdragon.com/","7.5","0","0","1","1","1","0","M","100"
"Superbad","2007","7.6","1","0","0","0","0","0","M","Superbad","2007","http://www.areyousuperbad.com/","7","0","0","0","1","0","0","M","100"
"Pain & Gain","2013","6.5","1","1","0","1","0","0","M","Pain & Gain","2013","http://www.painandgainmovie.com/","6.1","0","1","1","0","0","0","M","100"
"We Are Your Friends","2015","6.2","0","1","1","0","0","1","M","We Are Your Friends","2015","","6.3","1","0","0","0","1","1","M","100"
"Fantastic Four","2015","4.3","0","1","0","0","1","0","M","Fantastic Four","2015","http://www.fantasticfourmovie.com/","4.4","0","0","1","0","1","0","M","100"
"Australia","2008","6.6","0","1","1","0","1","0","M","Australia","2008","","6.3","0","0","0","0","1","0","M","100"
"The Purge","2013","5.7","0","1","0","1","1","0","M","The Purge","2013","","6","0","1","1","0","1","0","M","100"
"Secret in Their Eyes","2015","6.2","0","1","0","1","0","0","M","Secret in Their Eyes","2015","http://secretintheireyes.movie/","6.2","0","1","0","0","1","0","M","100"
"The Green Inferno","2013","5.4","0","0","0","1","1","0","M","The Green Inferno","2014","","5","0","1","1","0","0","0","M","100"
"Spring Breakers","2012","5.3","0","1","0","0","0","0","M","Spring Breakers","2013","http://www.springbreakersmovie.com/","5","0","1","0","0","1","0","M","100"
"After Earth","2013","4.9","0","1","0","0","1","0","M","After Earth","2013","","5","0","0","1","0","1","0","M","100"
"Stake Land","2010","6.5","0","1","0","1","0","0","M","Stake Land","2010","http://www.stakelandthefilm.com/","6.2","0","1","1","0","1","0","M","100"
"Terminator Salvation","2009","6.6","0","1","0","0","1","0","M","Terminator Salvation","2009","https://www.warnerbros.com/terminator-salvation","5.9","0","0","1","0","1","0","M","100"
"Gone Girl","2014","8.1","0","1","0","1","0","0","M","Gone Girl","2014","http://www.gonegirlmovie.com/","7.9","0","1","1","0","1","0","M","100"
"Pan","2015","5.8","0","1","0","0","1","0","M","Pan","2015","","5.9","0","0","1","0","1","0","M","100"
"50/50","2011","7.7","1","1","1","0","0","0","M","50/50","2011","http://www.50-50themovie.com/","7","0","0","0","1","1","0","M","100"
"San Andreas","2015","6.1","0","1","0","0","1","0","M","San Andreas","2015","http://www.sanandreasmovie.com/","6","0","0","1","0","1","0","M","100"
"Disaster Movie","2008","1.9","1","0","0","0","0","0","M","Disaster Movie","2008","http://www.disastermovie.net/","3","0","0","1","1","0","0","M","100"
"Knocked Up","2007","7","1","0","1","0","0","0","M","Knocked Up","2007","http://knockedupmovie.com/","6.2","1","0","0","1","1","0","M","100"
"One Day","2011","7","0","1","1","0","0","0","M","One Day","2011","http://www.focusfeatures.com/one_day","7","1","0","0","0","1","0","M","100"
"The Lego Movie","2014","7.8","1","0","0","0","1","0","M","The Lego Movie","2014","http://www.thelegomovie.com","7.5","0","0","1","1","1","0","M","100"
"Guardians of the Galaxy","2014","8.1","0","1","0","0","1","0","M","Guardians of the Galaxy","2014","http://marvel.com/guardians","7.9","0","0","1","0","1","0","M","100"
"Sinister","2012","6.8","0","0","0","1","0","0","M","Sinister","2012","","6.7","0","1","1","0","0","0","M","100"
"Unstoppable","2010","6.8","0","0","0","0","1","0","M","Unstoppable","2010","","6.3","0","0","1","0","0","0","M","100"
"The Boy Next Door","2015","4.6","0","0","0","1","1","0","M","The Boy Next Door","2015","http://www.theboynextdoorfilm.com/","4.1","0","0","1","0","0","0","M","100"
"Interstellar","2014","8.6","0","1","0","0","1","0","M","Interstellar","2014","http://www.interstellarmovie.net/","8.1","0","0","1","0","1","0","M","100"
"Unknown","2011","6.9","0","0","0","1","1","0","M","Unknown","2011","http://unknownmovie.warnerbros.com/","6.5","0","1","1","0","0","0","M","100"
"Beautiful Creatures","2013","6.2","0","1","1","0","0","0","M","Beautiful Creatures","2013","","5.6","1","0","0","0","1","0","M","100"
"Trance","2013","7","0","1","0","1","0","0","M","Trance","2013","","6.5","0","1","1","0","1","0","M","100"
"Night at the Museum: Secret of the Tomb","2014","6.2","1","0","0","0","1","0","M","Night at the Museum: Secret of the Tomb","2014","","6.1","0","0","1","1","1","0","M","100"
"End of Watch","2012","7.7","0","1","0","1","1","0","M","End of Watch","2012","","7.2","0","1","1","0","1","0","M","100"
"Centurion","2010","6.4","0","1","0","0","1","0","M","Centurion","2010","http://www.centurionmovie.com/","5.9","0","0","1","0","1","0","M","100"
"Just Go with It","2011","6.4","1","0","1","0","0","0","M","Just Go with It","2011","http://www.justgowithit-movie.com","6.3","1","0","0","1","0","0","M","100"
"World War Z","2013","7","0","0","0","1","1","0","M","World War Z","2013","http://www.worldwarzmovie.com","6.7","0","1","1","0","1","0","M","100"
"Step Up 2: The Streets","2008","6.2","0","1","1","0","0","1","M","Step Up 2: The Streets","2008","","6.5","1","0","0","0","1","1","M","100"
"Man on a Ledge","2012","6.6","0","0","0","1","1","0","M","Man on a Ledge","2012","http://www.manonaledge.com/","6.2","0","1","1","0","0","0","M","100"
"Minions","2015","6.4","1","0","0","0","1","0","M","Minions","2015","http://www.minionsmovie.com/","6.4","0","0","1","1","0","0","M","100"
"Sicario","2015","7.6","0","1","0","1","1","0","M","Sicario","2015","","7.2","0","1","1","0","1","0","M","100"
"Megamind","2010","7.3","1","0","0","0","1","0","M","Megamind","2010","http://www.megamind.com","6.7","0","0","1","1","1","0","M","100"
"The Tree of Life","2011","6.8","0","1","0","0","0","0","M","The Tree of Life","2011","http://www.twowaysthroughlife.com/","6.5","0","0","0","0","1","0","M","100"
"The Prestige","2006","8.5","0","1","0","1","0","0","M","The Prestige","2006","http://wwws.warnerbros.de/theprestige/","8","0","1","1","0","1","0","M","100"
"The Conjuring","2013","7.5","0","0","0","1","1","0","M","The Conjuring","2013","http://theconjuring.warnerbros.com","7.4","0","1","1","0","0","0","M","100"
"That Awkward Moment","2014","6.2","1","0","1","0","0","0","M","That Awkward Moment","2014","","6.1","1","0","0","1","0","0","M","100"
"Straight Outta Compton","2015","7.9","0","1","0","0","0","1","M","Straight Outta Compton","2015","http://www.straightouttacompton.com/","7.7","0","0","0","0","1","1","M","100"
"X-Men: Days of Future Past","2014","8","0","1","0","0","1","0","M","X-Men: Days of Future Past","2014","http://www.x-menmovies.com/","7.5","0","0","1","0","1","0","M","100"
"The Ridiculous 6","2015","4.8","1","0","0","0","1","0","M","The Ridiculous 6","2015","http://www.netflix.com/title/80039517","4.9","0","0","1","1","0","0","M","100"
"Inception","2010","8.8","0","1","0","0","1","0","M","Inception","2010","http://inceptionmovie.warnerbros.com/","8.1","0","1","1","0","1","0","M","100"
"The Boy","2016","6","0","0","0","1","1","0","M","The Boy","2016","http://theboymovie.tumblr.com/","5.8","0","1","1","0","0","0","M","100"
"Eagle Eye","2008","6.6","0","0","0","1","1","0","M","Eagle Eye","2008","","6.3","0","1","1","0","0","0","M","100"
"The Butler","2013","7.2","0","1","0","0","0","1","M","The Butler","2013","","7.2","0","0","0","0","1","0","M","100"
"Silent Hill","2006","6.6","0","0","0","1","1","0","M","Silent Hill","2006","http://www.sonypictures.com/homevideo/silenthill/","6.3","0","1","0","0","0","0","M","100"
"Blood Diamond","2006","8","0","1","0","0","1","0","M","Blood Diamond","2006","","7.3","0","0","1","0","1","0","M","100"
"What's Your Number?","2011","6.1","1","0","1","0","0","0","M","What's Your Number?","2011","http://www.whatsyournumbermovie.com/","6.2","1","0","0","1","0","0","M","100"
"Zoolander 2","2016","4.7","1","0","0","0","0","0","M","Zoolander 2","2016","http://www.zoolander.com/","4.7","0","0","0","1","0","0","M","100"
"The Theory of Everything","2014","7.7","0","1","1","0","0","1","M","The Theory of Everything","2014","http://www.focusfeatures.com/the_theory_of_everything","7.8","1","0","0","0","1","0","M","100"
"Paper Towns","2015","6.3","0","1","1","1","0","0","M","Paper Towns","2015","","6.1","1","1","0","0","1","0","M","100"
"The Midnight Meat Train","2008","6.1","0","0","0","1","0","0","M","The Midnight Meat Train","2008","http://www.midnightmeattrainthemovie.com","6","0","1","1","0","1","0","M","100"
"Southpaw","2015","7.4","0","1","0","0","0","1","M","Southpaw","2015","","7.3","0","0","1","0","1","0","M","100"
"Sucker Punch","2011","6.1","0","1","0","0","1","0","M","Sucker Punch","2011","http://suckerpunchmovie.warnerbros.com","5.9","0","0","1","0","1","0","M","100"
"Her","2013","8","0","1","1","0","0","0","M","Her","2013","http://www.herthemovie.com/","7.9","1","0","0","0","1","0","M","100"
"Horrible Bosses 2","2014","6.3","1","0","0","1","0","0","M","Horrible Bosses 2","2014","","6.1","0","0","0","1","0","0","M","100"
"Gangster Squad","2013","6.7","0","1","0","1","1","0","M","Gangster Squad","2013","http://gangstersquad.warnerbros.com/","6.2","0","1","1","0","1","0","M","100"
"Star Trek Into Darkness","2013","7.8","0","1","0","0","1","0","M","Star Trek Into Darkness","2013","","7.4","0","0","1","0","1","0","M","100"
"Ghostbusters","2016","5.3","1","1","0","0","1","0","M","Ghostbusters","2016","http://www.ghostbusters.com/","5.3","0","0","1","1","1","0","M","100"
"Kicks","2016","6.1","0","0","0","0","1","0","M","Kicks","2016","http://www.focusfeatures.com/kicks","7.5","0","0","1","0","0","0","M","100"
"Ocean's Thirteen","2007","6.9","0","0","0","1","1","0","M","Ocean's Thirteen","2007","http://oceans13.warnerbros.com/","6.5","0","1","1","0","0","0","M","100"
"The Internship","2013","6.3","1","0","0","0","0","0","M","The Internship","2013","http://www.theinternshipmovie.com/","6.1","0","0","0","1","0","0","M","100"
"The Karate Kid","2010","6.2","0","1","0","0","1","0","M","The Karate Kid","1984","","6.9","0","0","0","0","1","0","M","100"
"127 Hours","2010","7.6","0","1","0","0","1","1","M","127 Hours","2010","","7","0","0","1","0","1","0","M","100"
"The Wolf of Wall Street","2013","8.2","1","0","0","1","0","1","M","The Wolf of Wall Street","2013","http://www.thewolfofwallstreet.com/","7.9","0","1","0","1","1","0","M","100"
"The Boy in the Striped Pyjamas","2008","7.8","0","1","0","0","0","1","M","The Boy in the Striped Pyjamas","2008","","7.7","0","0","0","0","1","1","M","100"
"The Hobbit: An Unexpected Journey","2012","7.9","0","1","0","0","1","0","M","The Hobbit: An Unexpected Journey","2012","http://www.thehobbit.com/","7","0","0","1","0","1","0","M","100"
"Rock of Ages","2012","5.9","1","1","0","0","0","1","M","Rock of Ages","2012","http://www.warnerbros.com/rock-ages","6","1","0","0","1","1","1","M","100"
"American Hustle","2013","7.3","0","1","0","1","0","0","M","American Hustle","2013","http://www.americanhustle-movie.com/","6.8","0","1","0","0","1","0","M","100"
"Changeling","2008","7.8","0","1","0","1","0","1","M","Changeling","2008","http://www.changelingmovie.net","7.3","0","1","0","0","1","0","M","100"
"Resident Evil: Afterlife","2010","5.9","0","0","0","1","1","0","M","Resident Evil: Afterlife","2010","http://www.sonypictures.com/movies/residentevilafterlife/site/","5.8","0","1","1","0","1","0","M","100"
"The Book of Eli","2010","6.9","0","1","0","0","1","0","M","The Book of Eli","2010","","6.6","0","0","1","0","1","0","M","100"
"In Time","2011","6.7","0","1","0","0","1","0","M","In Time","2011","http://www.intimemovie.com/","6.7","0","0","1","0","1","0","M","100"
"Bridesmaids","2011","6.8","1","0","1","0","0","0","M","Bridesmaids","2011","http://www.bridesmaidsmovie.com/","6.5","1","0","0","1","0","0","M","100"
"Insurgent","2015","6.3","0","1","0","0","1","0","M","Insurgent","2015","http://www.thedivergentseries.movie/#insurgent","6.2","0","0","1","0","1","0","M","100"
"American Reunion","2012","6.7","1","0","0","0","0","0","M","American Reunion","2012","http://www.americanreunionmovie.com/","6.1","0","0","0","1","0","0","M","100"
"The Age of Adaline","2015","7.2","0","1","1","0","0","0","M","The Age of Adaline","2015","http://theageofadalinemovie.com","7.4","1","0","0","0","1","0","M","100"
"Apocalypto","2006","7.8","0","1","0","0","1","0","M","Apocalypto","2006","","7.3","0","0","1","0","1","0","M","100"
"The Secret Life of Walter Mitty","2013","7.3","1","1","0","0","1","0","M","The Secret Life of Walter Mitty","2013","","7","0","0","1","1","1","0","M","100"
"The Dictator","2012","6.4","1","0","0","0","0","0","M","The Dictator","2012","http://www.dictatorthemovie.com/","5.9","0","0","0","1","0","0","M","100"
"The Great Gatsby","2013","7.3","0","1","1","0","0","0","M","The Great Gatsby","2013","","7.3","1","0","0","0","1","0","M","100"
"The Girl on the Train","2016","6.5","0","1","0","1","0","0","M","The Girl on the Train","2009","","5.6","1","0","0","0","1","0","M","100"
"The Host","2013","5.9","0","0","1","0","1","0","M","The Host","2013","","6","1","0","1","0","1","0","M","100"
"The Host","2006","7","1","1","0","1","0","0","M","The Host","2013","","6","1","0","1","0","1","0","M","100"
"The Host","2013","5.9","0","0","1","0","1","0","M","The Host","2006","http://www.hostmovie.com/","6.7","0","1","0","0","1","0","M","100"
"The Host","2006","7","1","1","0","1","0","0","M","The Host","2006","http://www.hostmovie.com/","6.7","0","1","0","0","1","0","M","100"
